Date,Custom,sp_500,Algo 1,Algo 2,SOROS FUND MANAGEMENT LLC,PAULSON & CO.INC. ,TIGER GLOBAL MANAGEMENT LLC,BERKSHIRE HATHAWAY INC
2017-04-25,0.009615432368564731,0.0060948128803992585,0.008136388806224283,0.006738924741555451,0.00533519170557395,-0.0009044686641437316,-0.00030304812417003557,0.007220337395686505
2017-04-26,0.0027845203899234203,-0.0004898225753783292,-0.0050796942430294785,0.0044594104325910745,0.00386777540350014,0.006179546094991385,-0.010732683986927838,0.010104697985125144
2017-04-27,0.024487221970182382,0.0005528911600243269,-0.005333079799854107,-0.0011827584007048975,0.0022245048465381334,0.004637095600015462,-0.0017100304909871686,0.000822498291927154
2017-04-28,0.004811566442074514,-0.0019131184668260692,0.00404890989776554,-0.006032661624291394,-0.0009722168853423252,-0.00033054919828900964,-0.005297583288818575,-0.005321628704018866
2017-05-01,0.0012286801586629166,0.00173223722842053,-0.01049779410865755,0.002969219442680393,0.0011921328500281716,0.00182185744011365,-0.00784186882637039,0.009553716648105004
2017-05-02,0.012408454452448906,0.001189115406999841,-0.002306762448996896,-0.002532332171548517,-0.0013525894865437096,0.0048302527035799505,-0.00249836859546182,-0.00944378371681398
2017-05-03,-0.007968591641553316,-0.0012671621005617695,0.0004418574013781741,-0.006451732638145933,0.00023023980485303847,-0.012176002720799215,-0.0013451869181534404,-0.013860712283663923
2017-05-04,0.0022640027959217966,0.0005778555696065446,-0.011145971915831276,-0.0015767888294340375,-0.0011564927703537895,0.0037360775546531055,0.004029948037408415,0.0038560756160812564
2017-05-05,0.0022074158626649667,0.004088687267735702,0.00708423012632022,0.0053940697135465565,0.014020907935970772,0.00449918227801116,0.0012929441244964313,0.01691349796038466
2017-05-08,-0.0040695156499487295,3.751109703298283e-05,0.0009149082297251252,-0.002252813077435393,-0.006286692328511978,-0.006417517922048144,-0.002811604488496377,0.013758579428567286
2017-05-09,0.0028063040744290557,-0.0010252648600889147,-0.0071962892121977375,0.001870409456641261,-0.00038405506687333446,0.0033755962548109864,-0.000619219424154438,0.002231288864407599
2017-05-10,0.0017619479138680778,0.0011306176259533451,0.006757845496931604,0.002603072547956592,0.005238091020205671,8.963668618755527e-05,0.0015486560413511266,0.0091970927498215
2017-05-11,-0.0057364699351377295,-0.002162833436821554,-0.0019339785424215094,-0.0036871173861218382,0.0,0.0,0.0,0.0
2017-05-12,-0.005850690412215938,-0.0014784250179582514,-0.0072364661787690035,-0.005026628379416485,0.0,0.0,0.0,0.0
2017-05-15,0.0023893804504836096,0.004776444016897363,-0.0002931726371228991,0.006161432209803538,0.004934575789106166,-0.00018180982330295856,0.005328971340722521,0.002375165151279557
2017-05-16,0.0074287986552870056,-0.0006868360584768585,-0.005180909683153427,-0.0017428568374110475,-0.0017103093130970135,-0.0035871695192122295,-0.005240713141915321,0.011088488949434929
2017-05-17,-0.02394765969679254,-0.01817825856948263,0.0025418977135581128,-0.019643231806444547,-0.016729441481390658,-0.012780460941867466,0.0040892762461062215,-0.02568500954733055
2017-05-18,0.0011305136959513331,0.0036868431882495223,-0.003023511589708407,-0.0006197943240092265,0.0018138408194179332,-0.006996898921501128,0.00654987801746354,0.004358984469768679
2017-05-19,0.0007673216940429957,0.00676749573068669,-0.0012229822774736162,0.009526870090320244,0.005602874738769303,0.0031134487395196864,0.0031621902576517424,0.01471582753277656
2017-05-22,0.0069818323260636035,0.005160114706536767,-0.00368211526717013,0.00500928508780229,0.0048758052909860785,0.0009671244484359408,0.00877563794647518,0.010676373306605312
2017-05-23,0.005240266085947409,0.0018379127993919386,-0.0016276024274570467,0.0018376526812324328,0.002062725089779782,0.002757375176013488,0.0065796496009145064,-0.0057129036375592746
2017-05-24,0.004596180035788655,0.0024891386829661855,-0.0019072130455104,0.0005686458074245431,0.007555475079314533,0.0022309938671518648,0.007644140540474131,0.00791035067207324
2017-05-25,0.004632274797519265,0.004441875070184231,0.0014955911556147027,-0.0007176888942365102,0.003090582094803507,0.0016036258060792008,0.004109530947977279,0.008492316774434405
2017-05-26,0.0030197774114672686,0.0003105500047617671,0.00033993780246452284,0.0018797569950457695,0.0013473146237221734,0.0026648542864922127,0.0026810116935231947,0.00201565939058912
2017-05-30,0.001245883243691274,-0.0012045599423798903,-0.012334842499671324,-0.005712956892888143,0.0017101844685984966,-0.005492189562151029,-0.004753836007671986,-0.0025268394646197345
2017-05-31,0.00687653118379794,-0.00046002544645251664,-0.0019810320550229963,-0.0017190303220703405,0.0010794678640431157,-0.000183157030008374,-0.0010273907530904405,-0.00043161846056438685
2017-06-01,0.0059192184149607545,0.007571108715482167,0.0102362553830791,0.010217014368839891,0.006166442146509299,0.01037767894494568,0.00727257733075648,0.011979275946074395
2017-06-02,0.014174343969396059,0.003707727381216941,-0.0017688659786655719,0.0067034762257827726,0.005966906246858804,0.0004797716301419008,0.006686829380260218,0.00687051611895062
2017-06-05,0.004567102496666475,-0.0012176772294358873,0.0018971595199919434,-0.00235152362026089,-0.008846227877615466,-0.005174808436401611,-0.0017819398431518918,-0.0004384650836016801
2017-06-06,-0.004578594016940718,-0.0027790320594393014,0.007216181923469319,-0.0019316772264666546,-0.0017587073197087302,-0.002198089155460048,-0.0030580741542083345,-0.0016190209360096295
2017-06-07,-0.0005127829628374845,0.001568333655781684,-0.010378203628073636,-0.00017287948156074776,0.0005931624419839299,5.771220577766023e-05,0.004685017062916685,0.011680584360769464
2017-06-08,0.00028007160730447777,0.0002671445128517025,0.0054821483843727715,0.00794734027776732,0.000515725743349682,0.004463614890816371,-0.009778795691509523,0.00919588748587885
2017-06-09,-0.010603652332091559,-0.0008299812227020587,0.012475375212553187,-0.00013415767211286697,-0.011260878744401848,-0.0001397808986185467,-0.014631378985971888,-0.03335348691127271
2017-06-12,-0.006539103591747955,-0.000978710980068076,0.006079746364315282,-0.0002701738656530436,0.0009839412845111806,-0.0012515121371615698,0.003514680910330803,-0.0011352676412264009
2017-06-13,0.002090398447870845,0.004511420562363311,0.004378781313858473,0.0038600533605914187,0.00729024672444778,0.0014238775408772495,0.004396517885977058,0.007923209100520356
2017-06-14,-0.0036359583247621563,-0.0009957588050893973,-0.00430588691462535,-0.0027685830943303532,-0.0076308756690045545,-0.0018428914256094495,-0.0006213927095578553,-0.006006909093433821
2017-06-15,-0.0001735369567258025,-0.002239614097263254,-0.0056852199082011645,-0.0027386735649857145,-0.00600196102499051,-0.0046169474998868365,0.0009055966378477276,-0.0052136728830126655
2017-06-16,-0.005940580661260167,0.00028366345181418673,0.008977089980563624,-0.002306398073360096,0.003549324290077483,-0.0002359059270484742,-0.01823034805361945,0.002276714478764763
2017-06-19,0.014790612188052627,0.00834720424141544,0.0013611515097889815,0.006280605211981503,0.006789857917549602,0.008655289938037658,0.0049626092099619434,0.020446485453433416
2017-06-20,-0.0031376530726650777,-0.006696665117833511,0.0017912846670649196,-0.006520467129507255,-0.011968590057959694,-0.0010238756155934725,-0.007670420334595752,-0.015238767846038503
2017-06-21,0.017896981171408775,-0.0005826764545369123,-0.004547023252713546,-0.003912208572484203,-0.0007812222191065921,0.006751435589975152,-0.00016268580404077418,0.01946585828591174
2017-06-22,0.01672315196551588,-0.00045573798760889517,0.003419124135218875,0.0034909454864077896,0.0039244568860583575,0.00785490312529813,-0.002448209444663396,0.003710622373937156
2017-06-23,0.007542606462594451,0.0015608954610804027,0.007439866449384512,0.004393343303767067,0.004295879387607782,0.0025612205198162212,-0.0018870510389873414,0.01208770321867192
2017-06-26,-0.0033996376702803976,0.00031579379075585834,0.004496834048903149,0.0011042212135877099,0.0008544309921225679,0.0014803457900467445,0.0018632911114566664,0.000521033458404041
2017-06-27,-0.015263832876059294,-0.008072749039592986,0.01655530101634807,-0.005643870372612553,-0.010198160331796102,-0.009094944521937931,-0.012897279186740662,-0.022139972686261774
2017-06-28,0.019327282554548148,0.0088080417296994,-0.0016186903381293016,0.011247260473587116,0.013718870055865029,0.006618240996289826,0.006548198340659228,0.014186072519660309
2017-06-29,-0.017113555814491106,-0.008600027041533398,0.0065891975985772535,-0.004264013724353647,-0.007635500041510145,-0.0065212044912705824,-0.01840687675320385,-0.02206498051808825
2017-06-30,0.0033250679845120788,0.0015332479232963436,0.00010654889418438654,0.001176057330847005,0.00188676175725222,0.0012897188144176395,0.00045957198399837473,-6.04684508127562e-05
2017-07-03,-0.009020615825273432,0.0023107934687074394,-0.007348753460523363,0.0070589869244996346,-0.0067009034302093476,0.0014382334613727288,-0.010011972284485804,-0.00553126167797191
2017-07-05,0.016174325834240017,0.0014532669688471778,-0.006434358103377257,-0.0036386444646678367,0.0011180596694091438,-0.0020039285667488027,-0.004738621403532539,0.011768138664989936
2017-07-06,-0.015911021125647018,-0.00936880791271677,0.0019085426641378602,-0.008632577526527916,-0.005273534265999079,-0.010280042052202676,-0.010404989143450116,-0.009475836231974122
2017-07-07,0.006340056637681038,0.006403153854134258,0.00092693073514666,0.008702039320320938,0.005679714240658607,0.0002391142498152643,0.0031200904390396023,0.006718609627994532
2017-07-10,0.008678962775397073,0.0009277661864273146,-0.0020434849888333584,-0.0012106308100456515,0.003549578509632001,0.0005465986510917453,-0.0031778463789557954,0.014203958149470397
2017-07-11,-0.00075582587662019,-0.0007827208199616686,0.0014472383604665112,-0.00023069681151921735,0.0012297612281240153,0.0024115085947744586,0.009061207954766505,0.00814159134097725
2017-07-12,0.01858357151908089,0.007305619802682184,1.2508184197913486e-05,0.009601817217969173,0.008579021327273395,0.009610144782490336,0.010821162303244591,0.013334147530324136
2017-07-13,0.014587149561694712,0.00187455233807432,0.0027249550633903323,0.0040208248207150715,0.0012023100397835493,0.003303601226110953,0.002359874113762705,0.0014736793255984981
2017-07-14,0.00038346427969075236,0.0046735271648765675,-0.004232459484890308,0.004310722784632393,0.0023506218123090505,0.0008797352032292594,0.008114037090109827,0.010520928760505477
2017-07-17,0.007799469148149624,-5.286121491343554e-05,-0.0019676743938639627,0.0029682948958534693,-0.0009640864163712461,0.0006820190471614751,-0.00045712818878440586,-0.0045091571569113595
2017-07-18,0.01029153042267646,0.0005977699520971491,-0.0003399569572768384,-0.002364654995295645,0.003025294532831069,-0.0028680208475051483,-0.0009281240644227752,0.01552109134820201
2017-07-19,0.0038870847543581717,0.0053726514969865136,-0.007444259706817438,0.008081946723036791,0.008311876587064448,0.0029205789750541555,0.001062781141552005,0.004443994018695774
2017-07-20,0.009060713178768404,-0.00015360796821128897,-0.003139237918181193,-0.0011775699886358573,0.001255928166650877,0.006207590468267021,0.0023617840538106005,-0.004216182243057642
2017-07-21,-0.002756832509119437,-0.0003679071741898854,0.004566370894166736,-0.002480406588888825,0.002472026620531809,0.001491550919794582,0.003100694662335757,0.0016140914839586351
2017-07-24,0.001477445452164772,-0.0010636834995592093,-0.0008736210183498018,0.0007029662585067246,-0.0019512940325131511,-0.0015029901152855407,-0.0005188606457919853,0.0036578806973981415
2017-07-25,-0.0020613481485178458,0.002923183435833865,-0.0005957286428430237,0.002612302723294413,0.003307046806314107,0.002451559899596223,0.010612399465469435,-0.003222228131094407
2017-07-26,0.004437542102618375,0.0002825850883885206,-0.0055250763428246535,-0.00028024319899953523,0.0004033276287440657,0.0013691595019111882,0.0020470854971861296,0.00963848518962318
2017-07-27,0.007164345672128905,-0.0009726252406339064,-0.002593858034606682,-0.005840302001400224,0.007939075360952508,-0.004954916252177144,0.005854909869783542,-0.00749055843844859
2017-07-28,-0.0014534833352971188,-0.0013411865461215866,0.0018483261896033913,-0.0009240126175241363,0.0005181484276393089,-0.0013393661242195876,-0.003799493925875974,0.005699151477288389
2017-07-31,-0.00455315656233235,-0.0007281258848751415,-0.0022210749360538217,-0.0026158859938845546,0.007799669009380006,-0.0008927557918100293,0.00017086790917897332,0.005872310984691875
2017-08-01,0.00223887099977856,0.002449095251588762,-0.00023349165406928154,-0.0008205433618312957,-0.002368498233897509,-0.001991121188553047,-0.009821311143210054,0.005301863293446063
2017-08-02,-0.002088990377474971,0.0004926605689827834,-0.002309757898555866,-0.006010521850345555,-0.003726018695972222,-0.00915540009715088,0.0010753632972972935,-0.007843563867270142
2017-08-03,-0.010915172269598407,-0.0021835911800677232,8.970400846347853e-05,-0.004729769197515389,-0.0035507524474066576,-0.023275398352464397,-0.004191827753175503,0.0020812151393527767
2017-08-04,-0.0004641755871912143,0.0018890363083294837,0.004756589076509616,0.0009794487315371767,-0.002339733013776546,-0.014547663802295554,0.0018384983040100609,0.006977777104080429
2017-08-07,0.004295572809708899,0.001647266869345021,-0.0056128505495224405,-0.0009891824542620912,0.00010154132458839449,-0.01110505283335772,0.0026026808957908547,0.010465071109964752
2017-08-08,0.00024124007214735665,-0.002414436638168982,-0.004973239494261674,-0.00028587575347308633,-0.0005529119959191141,-0.006067089042730346,-0.0076787849614492485,0.0030902475166223464
2017-08-09,0.0024654925658727325,-0.0003636481179190021,-0.0056381555018302654,-0.006120741765375101,0.004993936372337915,-0.00402092956629807,0.0021772082178272982,-0.0013105902949561712
2017-08-10,-0.01950566275034408,-0.01447441815345063,-0.0062424231924413905,-0.0209472727805672,0.0,0.0,0.0,0.0
2017-08-11,0.00382737663255972,0.0012755258980974293,0.004580843351214883,0.003750008609946857,0.0,0.0,0.0,0.0
2017-08-14,0.012757184340233131,0.01004374682548792,-0.000428147734551413,0.009516358820762884,0.005971512132501022,-0.003952492036211619,0.008220828759685217,0.0069778754776725896
2017-08-15,0.0032989726847871457,-0.0004988158193557357,-0.0052413886644857785,-0.008361265055242095,-0.004106803244826818,0.002467311491287205,-0.001589707414260788,-0.0050116160650320865
2017-08-16,0.0063567205314500885,0.0014201029777529683,-0.0024679426881961744,0.0032057726310726364,0.0016502255787653741,0.0021095052868007613,0.004093323786070968,-0.0005232086572143356
2017-08-17,-0.01577608735238726,-0.015436913265616137,-0.0006069387339321646,-0.012045752529243827,-0.008078091739658344,-0.007077565628672011,-0.01662914405312477,-0.023725193739455475
2017-08-18,0.0001978670167620914,-0.0018353833934839914,-0.002572641515450555,0.0014275534257883714,0.00017067373296586474,0.0004310793705120109,-0.005368132317858043,-0.0010129766057270784
2017-08-21,0.00047730813964382446,0.0011626229102676966,-0.004280173611719798,0.0005051901178860506,0.0028306715735217924,-0.002180584190740298,0.001353071193053612,0.008524555576704396
2017-08-22,0.016144625235534393,0.009940824503679613,0.002447491323899251,0.008463192195994016,0.0049165006215867715,0.005027810894197682,0.006422655221780539,0.013020209131913596
2017-08-23,-0.0045150147186345056,-0.003453604674394928,0.0014162029046156804,-0.0016380170434727606,-0.0038156942633887922,-0.003586431004497292,-0.004603964395431426,-0.0013390761914561233
2017-08-24,0.0008506481042222698,-0.002074434133647607,0.0008473281155835173,0.0017439535973551325,-0.0012830573803123135,0.0025622612849300896,-0.01733698706504716,-0.002939508133861124
2017-08-25,-0.0006062839141248352,0.0016728373042720346,0.0047093064539336545,0.0017253646922250775,-0.0010210738043243683,0.0006867637644780711,0.00015467616697106834,-0.01470431463493771
2017-08-28,0.007224033958649345,0.00048709604797259054,-0.009612053566996705,0.003230380910753473,0.0020920841131359946,0.002277149607180507,-0.004200555297888764,-0.002528628404997235
2017-08-29,0.008336264048606507,0.0008427977612674997,6.55296756632293e-05,0.0014052111505797305,0.00043994995449958557,-0.0018468691415201024,-0.006329280924278646,0.005218509815950735
2017-08-30,0.03269449150739027,0.004615133058087695,0.0021990459194981982,0.0058164785029151895,0.003914745487017646,-2.511228218993189e-05,0.00594582894384188,0.014501563810405347
2017-08-31,0.013114152253101639,0.005721051924853171,-0.0005277622328770078,0.0065789165726225975,0.004942689824024793,0.012624247799124744,-0.007811087467320177,0.009199174833227186
2017-09-01,-0.004729888348777041,0.0019824813383773066,0.002745704230039765,0.005405593866154401,-0.0012267626241193597,0.001107883143022459,0.00134307767007269,-0.0004935288943018756
2017-09-05,-0.007254491661131863,-0.007550826754961659,-0.005176764944939322,-0.007194712328118184,-0.0012940579887958936,-0.011469209098661335,-0.0009376795623196043,-0.009971964022065904
2017-09-06,0.0004604426403910602,0.003128750737433128,0.001029052808361825,0.003641177675598985,0.002053111508846905,0.0021471417547025413,0.003270731749192013,0.0038603372063503727
2017-09-07,0.01853215858788674,-0.00017845989113951521,-0.0071672749661075355,0.003523513027432114,-0.0011914544779159095,-0.0014209625882791732,0.0002418960098991008,0.006670091304238124
2017-09-08,-0.007734625801875671,-0.001488783416494277,0.00896673546381503,-0.002310554360898566,-0.0030517930965019424,0.0007493052635361153,0.002513070115672811,-0.003306192573304778
2017-09-11,0.009476444951907803,0.01083922760346634,0.011892373898548787,0.008225805779826494,0.0008169833220015299,0.014652479366624728,0.01091519515165573,0.012066004020047759
2017-09-12,-0.0008218484525251608,0.003363999180100441,0.005815568494924941,0.0045974738519883145,0.0031367196739584546,0.002378199541886783,-0.0012630277089136221,0.008287178730000289
2017-09-13,-0.003678798802322654,0.0007570659488558285,0.0006385792784018105,0.002470852187161661,0.0019832114363516067,-0.005226595718398007,-0.0022060977675389948,0.014113966788961818
2017-09-14,-0.006412485966609,-0.0011007176679195263,-0.0068153844806814355,0.0017744485759589462,-0.0030702387815954024,-0.008587232536106494,-0.0065024306760235176,-0.001689454911865007
2017-09-15,0.004083391984023151,0.0018472363580994688,0.005529807055279037,0.002276785203788707,-0.00015800850161251656,-0.005298631940153009,0.001578612129641277,-0.0015271391825171232
2017-09-18,0.004044913550675525,0.0014558660603223306,-0.002923791236075736,0.00754535791957866,-0.000671146480465179,-0.003060235118165999,0.0002948014380017572,0.00678548861573347
2017-09-19,0.0033308207877585554,0.0011102812845715793,0.004934251799167791,-0.002112461611387382,-0.003916641592293657,0.0008392091365119202,-0.005948410886532307,-0.0006757303000657355
2017-09-20,0.003960695391403313,0.0006343127281429606,0.000813529195778576,0.0022771398226174486,0.0005470322039415887,0.0001414470714637961,-0.006219085498235355,-0.003225884769219145
2017-09-21,-0.0038940812986074653,-0.003045960514145296,-0.003299697064049525,0.0013399787116917061,-0.004099260203084931,-0.004375964590824899,-0.007075251507742575,-0.00622488900978746
2017-09-22,0.005841703286305844,0.0006478445173156988,0.0018909492531671915,0.0035863100468308006,0.0001852098967356497,0.0013705577426363913,-0.013758800443461006,-0.0024176738446207713
2017-09-25,-0.011883206913194222,-0.002222026840165925,-0.004931658426678122,0.0017967574915681793,-0.004657473681682346,0.003431274802968787,0.008392436390937119,-0.02171765539228732
2017-09-26,-0.0023416179543757076,7.209632068461147e-05,-0.0027971446105082053,0.002304991198997402,0.0004910495960175343,-0.0038147964658891134,0.0020202468118595274,-0.0060810984050556635
2017-09-27,0.005147924284310064,0.004085163646849521,-0.0012906698858427426,0.012420484505243124,0.007003839803293221,0.005921248611050922,-0.0017388039401172726,0.0034545953253370953
2017-09-28,-0.008477558333651564,0.0012046078243665992,0.0015138257654810179,0.0012893998497155474,-0.0010840234449496222,-0.006653639766478148,-0.0022616699720738875,-0.006558480945758505
2017-09-29,0.003772289731919158,0.0037050907149631662,-0.001557396019095989,0.0033801330282639108,0.004560544759551588,0.006169510129903744,-0.0023739987260350537,0.0036799360008941133
2017-10-02,0.011603394998342804,0.0038739997459671383,-0.0029288180154317354,0.007951852098959059,0.001708585586311706,0.011939401700972407,0.005404746205879496,0.009557846340271459
2017-10-03,-0.002672987495801989,0.002158853672423522,0.010705117220242595,0.0016374579716579784,0.0021023056430264924,-0.001287804264662018,0.003403527102486814,0.007964716630014745
2017-10-04,-0.0022451545316945296,0.0012467548864110167,0.0013825001192392904,-0.002689768870901805,0.00010514354028723359,0.010585475854629987,-0.0009323771494803569,-0.004590189809902334
2017-10-05,0.019546426273408486,0.005646756562926125,3.602598134873694e-05,0.006071301927177831,0.002519036814630171,-0.0021413677575039536,0.005948046231676552,0.010978508602524029
2017-10-06,-0.004171983200829491,-0.0010736382622734686,0.003796017393562992,-0.003162017968464554,-0.0013556762843162096,-0.001353675624043649,-0.0012913122340144634,-0.0004112627178566308
2017-10-09,0.0015310346031744229,-0.001804395664743219,0.0026655006676060424,-0.0027720936844925267,-0.003294508883790792,-0.004799456626095155,-0.012072469684782594,0.0008484404091435582
2017-10-10,0.003353730781458804,0.002322446782173193,0.002520235058471611,0.005568118192559797,-0.0005727357258586974,0.001926372617750527,0.009341913489496534,0.009058509977482698
2017-10-11,0.007463923089912468,0.001803468933287311,-0.0005721103370857707,0.001052147288564972,0.002238188288181453,2.3997582009327445e-05,0.0012386112826106024,-0.004141730063859206
2017-10-12,0.0032376402158478625,-0.0016867300136190755,-0.004654351100025007,-0.001662304633062203,-0.00489205496922851,-0.008459211648590979,-0.001673379892700555,-0.01256320274352296
2017-10-13,9.808601771702874e-05,0.0008781111202582625,0.003504288160571809,-0.002111060672092375,-0.0007666831404501419,-0.0025272345940851038,-0.002376136419218411,-0.00026091001489447757
2017-10-16,-0.010875834709858867,0.0017507647356032052,0.0024592030988728826,-0.0016534965424862998,-0.0010302680495015704,-0.006919434157522608,0.000926984971747924,0.006511444908330555
2017-10-17,-0.0022178921311825452,0.0006724949562879612,-0.003698452979963532,-0.003668893633800555,-0.001027804883923622,0.0016289421704884788,-0.0028825056480122897,-0.004218754185840168
2017-10-18,0.002080307300147151,0.0007423730932734074,-0.0016523590782471602,-0.00013766499832450137,-0.0011672797291896186,-0.007150567381555728,-0.002459928471180595,0.0049491795840352895
2017-10-19,0.007821445344761183,0.0003279635804251946,0.0005848613631584437,-0.001052784171071523,-0.0020630411298739877,0.005359126151167626,-0.006275026075091672,-0.010605970307237977
2017-10-20,0.020736780716211545,0.005116896296007312,-0.002530825881288932,0.003605558467907693,0.002271155489831589,-0.0006025521489164688,0.004498768639532802,0.002819558017767232
2017-10-23,-0.00967945627585376,-0.0039724915637947555,-0.004600606731730107,-0.005883550406636261,-0.004255191768889555,-0.004291675475376343,0.0025131802165481165,-0.008789013515245525
2017-10-24,0.0017937822360301425,0.0016179463387628878,-0.0043277906013380095,-0.000892520193837677,-0.004025875693635994,-0.0017262963011349663,0.0035470264908241678,0.0020993515183995726
2017-10-25,0.001999511425489523,-0.004663057143858063,-0.002714212796858845,-0.00781270327382487,-0.002472047988468895,-0.0018052351057437077,-0.0007683555475601622,-0.008465484229280174
2017-10-26,-0.006333502811936046,0.0012709461705413538,-0.0010437206364536707,-0.0020344205790505,-0.014020572139517906,-0.007441578365579794,-0.0038361170101778312,-0.012691700425072729
2017-10-27,0.016597786294702613,0.008072957350414134,0.007026822190666153,0.004412473960627761,0.0031421723136784148,0.0003737517998001483,9.108339447783108e-05,0.017694593885383636
2017-10-30,-0.00393071978946539,-0.0031924744388955872,0.012926574357457176,-0.00804953955489489,0.0025956037809484744,-0.0041753447754458994,-0.020871901747562704,-0.0012310991917576786
2017-10-31,-0.0007335305645831038,0.0009444852555358096,0.0019398263747528964,0.005383461635769245,0.0073447281354441785,0.0006775700971604072,0.019297390909139844,0.0056159361302128286
2017-11-01,-0.0014049879646702197,0.001592072256781707,0.012681130373803437,-0.0037040865772129546,0.001382454103613151,0.009220558151708191,0.004944031966618301,0.0014636263449891993
2017-11-02,-0.0016559093175087334,0.00018996960486306058,-0.007453804184570905,0.0019191931207067703,-0.0010803600345017372,-0.022453414871895668,0.003270029474178981,0.006420415334316809
2017-11-03,0.004035811005861145,0.0030970792875555375,0.009520266963658016,0.00046364101145031415,-0.002354665753624419,0.0007213122374176706,0.0003598112591125524,0.004194201234247519
2017-11-06,0.0025383442722961553,0.0012713305304810074,-0.004989650881755924,0.007261999158971677,0.008562418063297939,0.00856772994862287,-0.008697699377429258,0.012868800541669057
2017-11-07,0.001561415080708617,-0.00018910668318461443,-0.002503113714049739,-0.009875397636653129,-0.0033707508935245656,-0.0266366197732304,0.008715212437625075,-0.0005906355203499912
2017-11-08,0.0022589506638281223,0.0014436587098169973,0.003332743355859999,-0.0003735151574595665,-0.0007817844520363604,0.004450278886536818,0.01029530415976576,-0.0013825617287943626
2017-11-09,-0.005204462647848129,-0.003761977813581785,0.002687754244366633,-0.00013025984105452109,-0.0014238261458690007,0.004891832092912996,-0.002371576017996202,-0.011289534025200387
2017-11-10,0.0020568112182997034,-0.0008976174447306029,0.003361762951391292,0.00309082030333158,0.00018182868180738326,0.0008755546158478732,0.0027485487968650357,0.0014508510833326491
2017-11-13,-0.003738395928685448,0.0009836192541532451,-9.23777983459417e-05,-0.0014651559526853482,0.0,0.0,0.0,0.0
2017-11-14,-0.005230720363956776,-0.002309620711533511,0.0068999431743587926,-0.0025783003556126877,-0.008979054352733051,-0.003417886422054761,-0.005496995430295582,-0.014812969742513782
2017-11-15,-0.005894812819385198,-0.005525675974360822,0.006475284946262733,-0.004402063285425856,-9.265499205945993e-05,0.002363580777129393,-0.005621780147536559,-0.00358240160570944
2017-11-16,0.023052414386481125,0.008196146017733552,0.009017025538735032,0.012504155899429851,0.011638910410032066,0.006872170817638912,0.017611020807049016,0.0170441124965921
2017-11-17,-0.008729831395899668,-0.0026260422951377427,0.0019173105484698594,0.0035947158038565283,0.004325952906088837,0.002194582612639273,0.00023249905256328418,-0.005227162849613887
2017-11-20,-0.002515311264617459,0.001275762452255913,-0.004988516188280494,0.007350184852723331,-0.0026022008283402838,-0.006144819683058578,0.0038307340067218476,-0.0066015768927125676
2017-11-21,0.014280704276543968,0.006541086075890767,-0.005674296827519129,0.0058766591190565955,0.004353561985284804,0.0021299927431248644,0.0029167237699994075,0.01029079760857088
2017-11-22,-0.0018608684775265338,-0.0007502799121211767,0.0031980287239943327,0.0025301182980116558,0.0015720571131865313,0.0068698061002574464,-0.002382481755054733,-0.006711803892489154
2017-11-24,0.0032509073245167905,0.002056155374497548,-0.0005567387100231766,0.003324432926797189,-0.0003690623308612029,-0.00010665999377634794,0.00046431420945669533,0.0003844032339239689
2017-11-27,-0.004151058716786818,-0.0003842577293442506,-0.008460577526098434,-0.003430157198125352,-0.009714706955688657,-0.003499450098547463,-0.0020322374948665844,-0.009371886264471274
2017-11-28,0.007937644872218595,0.00984846737551015,-0.003333860172080816,0.007445940347244114,0.00811152007967375,0.0018325021998106816,-0.0020633397874193493,0.002526577460492341
2017-11-29,-0.020542478684507537,-0.00036923685973555553,-0.0007070740973266952,0.0012665534608266068,0.0013092280407982493,0.0035333794703429344,0.019917611938656377,-0.017637260578288183
2017-11-30,0.019627683361212123,0.008190946928299692,0.006370006273546905,0.0008495596920768971,0.0008450317077828284,-0.004037692343792476,0.004974641745493447,0.0016924353057863328
2017-12-01,0.0009599436972259996,-0.00202449028924534,0.003576910334449901,-0.002000804423728385,0.005808723178912123,0.001531316186677234,-0.0017280062124329645,-0.003915220282942777
2017-12-04,-0.04170275378722543,-0.0010521455442770167,-0.013437566884203304,0.0025498178120639445,-0.006966926889890868,-0.0046682862368148115,0.00747404731902912,-0.012990359279761663
2017-12-05,0.004089080761445022,-0.003739429575970621,0.0017452475097087935,-0.005638281383383959,-0.005089362725724023,-0.0040809036370708105,-0.011799702940277323,0.0019149421387285594
2017-12-06,0.013944103912271705,-0.00011408709408766704,0.004861327990358945,-0.004981389795684215,-0.00919360067136432,-0.004718140619285771,0.0019697047668227885,0.018509303617212813
2017-12-07,-0.0012535865426036206,0.0029323728639507607,-0.004886149334188737,0.003572869910095706,0.0023699757769992673,-0.0003911760027857092,-0.008949255224211305,0.009378361365843135
2017-12-08,0.010095686085651737,0.005506298872194781,-0.0019766883351825587,0.0011238928101864412,4.001811310772041e-06,0.009304831496367072,-0.006297262794188185,0.004878254737732402
2017-12-11,0.013430574171811557,0.0032019611540636816,0.001439406151363083,0.00024352206597611637,0.00850206657207142,0.010088441393640624,0.0006018567540786446,0.007069150737841534
2017-12-12,0.003792241198644778,0.0015488780033008354,-0.0037411022986904453,-0.0033585310575189394,-0.005485648431408308,0.0004314024600622357,0.006161398114970407,-0.00225019154254269
2017-12-13,0.003378777779215765,-0.0004729534441145766,0.0049511162946149385,0.002541571117671189,-0.0013363403170467694,-0.0013808472454850393,0.0019463051860750813,0.011006402911455604
2017-12-14,-0.011562938344065223,-0.004070826370242253,-0.003076746728462544,-0.0043475466661203385,-0.0011571219100983132,-0.002099268915220942,-0.004088293093035157,-8.172907816494934e-05
2017-12-15,0.02025613373780007,0.008974325134520456,0.006476874409622473,0.006820693964850021,-0.0012937541710215106,0.003946839548767178,0.00655232432278674,0.008934986305583648
2017-12-18,-0.0051987466215068405,0.005362862086620401,-0.0017624671369408356,0.007072609456061613,0.004131656184660715,0.008890798594010095,0.0008978836323734195,0.007729925514843083
2017-12-19,-0.009212033930866817,-0.003230291135099761,-0.008020506800323275,-0.005481778483170168,-0.0091960451748494,-0.004364576448251278,-0.00908034991158002,-0.0008315817113166979
2017-12-20,-0.004965388615961852,-0.0008279040973793172,0.0018455641722172605,0.0022358665749584424,-0.003890457900349587,-0.0015580821221198304,-0.01025609814706363,0.0008539999449594937
2017-12-21,-0.0044467212957250615,0.0019856303069889503,0.008844205473408119,0.0030908129780519533,0.013778924646334456,0.007402769589347934,0.006314707561287491,0.011280476287411469
2017-12-22,-0.001961578412475499,-0.0004581739347455649,-0.0008441489873419281,0.0005113817061699175,0.0005436018251012699,-0.003964231129706453,0.0035432579238905406,0.0006067628138657355
2017-12-26,0.001239615964088392,-0.0010583824636460903,-0.007739536926313498,0.0025763997563188487,-8.584938228484162e-05,0.0013067852988759565,-0.0011698510372851745,-0.0030181446507874248
2017-12-27,0.003930008205168312,0.00079089722066783,0.0010458069078140048,-0.0006237616744135697,-0.003360889489514296,-0.00091550486457459,-0.0015480391670876779,0.00023900373603868985
2017-12-28,-0.004121767071082805,0.0018340279279212002,-0.001346224068663476,0.0022549379135740105,0.007424025473290019,-0.0005919228018550492,0.0007613912992341376,-0.001582664553204216
2017-12-29,-0.0070348870145495734,-0.005183178668968558,0.0023564817824597924,-0.005478539759564594,0.002196546485993212,-0.00066205093262095,-0.002753543980238193,-0.001017429582413798
2018-01-02,0.014039918703955712,0.008303380074131894,0.0012539683537140488,0.0172215286449124,0.014546379058380854,0.01504486579261566,-0.004783597233142145,0.031017308451342762
2018-01-03,0.017206919193944643,0.006398818907860759,-0.0008902057822885549,0.00817507141552775,0.004657549113698201,2.7067263962843313e-05,0.0019788283028481235,0.005676280367419295
2018-01-04,-0.0005462256456169046,0.004028661363921104,-0.0009140827022219813,0.0042942775060931465,-0.0009143824166203408,0.004196483418636321,0.01074279215056584,0.004064827564718597
2018-01-05,0.01548742533556265,0.007033799683552555,-0.003839264333711112,0.006404972212152326,0.004071577074090228,0.0008232946317143773,0.0007367408538174747,0.02202271266598066
2018-01-08,0.0012858286725072978,0.0016623225124401397,0.0016534100593861053,0.0006577940856201482,0.004472593498788369,-0.0037386790684341693,0.005085084608245971,0.003434925115233023
2018-01-09,0.016940852715866428,0.0013029031448006378,-0.001004072421704293,-0.0020905864419618453,-0.0010275182834915686,0.00087226203295665,0.0017890783888667714,0.0007083055966194963
2018-01-10,0.0018497981273124518,-0.0011122055472160275,0.0035665844607803946,-0.0002243010079230089,-0.0027527703070852057,-0.002290278185229422,-0.005720022551929049,-0.0047806586154326425
2018-01-11,0.004065002493158257,0.007033618001404562,-0.0056143765590002965,0.016898193724239997,0.010540561412205164,0.011772562120238028,-0.0020627918011804076,0.017661797799719547
2018-01-12,0.008885683438748552,0.006749627831013516,-0.0008750680358074084,0.0024114695347501537,0.002589653078293841,0.002418104429350532,0.003807350558105105,0.002593723059629349
2018-01-16,4.161461070850724e-05,-0.0035244630756861017,0.003931273563511488,-0.00953299307544518,-0.005125876605434176,-0.005552536571535649,0.00964585499233972,-0.01196175361417018
2018-01-17,0.021439492594503763,0.009415002053003496,-0.0003118720788570724,0.00763201880652318,0.008248779746846234,-0.002484634024184196,0.01365030302574155,0.008471972519260351
2018-01-18,-0.000572680718415171,-0.001616379310344751,0.0007756238071581125,-0.0036829421229785226,0.002360642858532103,-0.0007237896315659409,-0.007388298021918205,-0.0007166804364577839
2018-01-19,0.002466857847124933,0.004385228178396927,-0.0010665126475693284,0.007944462442719456,0.004771188719849384,0.001870223666226023,0.00533112910477329,0.0032582968511243315
2018-01-22,0.008289563097322167,0.008066754439027823,0.00015685270694260067,0.007070970983198748,0.0077162001750545875,0.00947071933626753,0.007179155005486938,0.003236421204952045
2018-01-23,8.46430330916359e-05,0.002174396481431362,0.0021817246892244326,0.002544017662200073,0.0002109011520277093,0.00020216310304821403,0.0010838415595693096,0.008253159298375891
2018-01-24,-0.0008281306523116501,-0.0005600307136341964,-0.0010785804669216884,-0.003519544023236961,0.0014190228230601676,-2.81819070705458e-05,-0.004213843527896,0.01093139127879872
2018-01-25,0.003909104829068218,0.0006026346765155566,-0.0023205226525088943,-0.0011027985149416393,0.0008199745702828222,-0.0016901021126050073,-0.001641119847670458,0.015586652514389288
2018-01-26,0.028163612430814812,0.011841155234656897,-0.003965589155749764,0.007002430023141274,0.0052675902077672365,0.0022815466742234225,0.0004102589955030656,0.025752799715174968
2018-01-29,0.008084354976428417,-0.006731944014173874,-0.0060371346279958675,-0.006815733043018897,-0.007570378944739664,-0.00516301419649956,-0.0107726407486054,-0.0071151792052560605
2018-01-30,-0.011951570980226145,-0.010898781509218525,0.00013456210194047992,-0.009892280087598735,-0.0036619929442665007,-0.014503123010507938,-0.0010821248065066014,-0.011371435680626374
2018-01-31,0.000958945854056462,0.0004889403811609849,-0.0014550312531241786,-0.0011239714412017894,0.0010241426047123971,-0.003727055729710882,0.00012660627770921806,0.004307248852129852
2018-02-01,-0.03089987093092091,-0.0006480605989779287,-0.004298857968251075,0.0036293328502706424,-0.002084660598177801,0.0005451943913050705,0.0015003749104973707,-0.014409811541819306
2018-02-02,-0.02357747048495218,-0.021208513171602883,-0.004187204049129343,-0.020496706360847626,-0.0005589915478196872,-0.014117549144669672,-0.01772261446932799,-0.02065904363853888
2018-02-05,-0.03552930552985334,-0.040979244278871785,-0.0017226995825662395,-0.03110142110173045,-0.025794226470783888,-0.02130018433245251,-0.03712579008498551,-0.03301103924012238
2018-02-06,0.025490671551447575,0.017440938639606607,0.007653277794276964,0.009903332860596916,0.001447083322933418,0.007532837297918427,0.007570589165781572,0.017441036617794392
2018-02-07,0.0031957778950537272,-0.0050015954644285765,-0.0014845148548957702,0.0015982308238082575,-0.0016891378794977596,0.0020480692524682547,-0.007242150834372073,-0.0054668881854462725
2018-02-08,-0.049816888666989446,-0.037536451302551344,-0.005913414218336335,-0.025095422216763644,-0.026590924438258726,-0.023493466976437397,-0.02965080699271172,-0.044806333294855734
2018-02-09,0.02831776461697736,0.014936071290197583,-0.0030109482008545555,0.0007563925689237213,-0.0031579583327940863,-0.0009967501351224595,0.0011070516565778732,0.00897345076127043
2018-02-12,0.009400530307736243,0.013914603653299107,0.0141036042236535,0.012201196683473662,0.015751230408956873,0.006871686201287197,0.00996218381242153,0.016197538578121232
2018-02-13,0.003948847773072399,0.0026129518072288693,-0.002734644699940441,0.005228077251181846,0.0,0.0,0.0,0.0
2018-02-14,0.01811251218926646,0.013402479965752168,0.015204573738560653,0.017153330965388052,0.01833923745607602,0.014345859770187541,0.006289366207029135,0.020123471346176203
2018-02-15,0.010134053755686285,0.0120690869070601,0.0018843333153287008,0.009241937695175213,0.02223571211548081,0.007007059995458143,0.010304450395253628,0.013289949660619804
2018-02-16,-0.005550623495588103,0.0003734622144111466,0.0030436339074320987,0.002157599283137423,-0.001453325876102807,0.0006127390737649119,-0.01687743227847116,0.0005176763741232547
2018-02-20,-0.0019718384298717715,-0.005841403693699454,0.002391015870305902,-0.0072786261596945534,-0.0025531783002370467,-0.003856720873132158,-0.022478812565144723,-0.0005125644254782014
2018-02-21,-0.007830583210519288,-0.00549652831466807,-0.003133943305825532,0.0033549639203507065,-0.0050561063279982435,-0.005319042968912724,-0.012824986135672513,0.0007351906046846324
2018-02-22,0.0007298829204918462,0.0009735944886408721,0.002146426281041334,-1.0042913356585262e-05,-0.004248722442660613,-0.002516487984923099,0.0016262577128467461,-0.0006760305931147181
2018-02-23,0.023343196714518785,0.016028343614550522,0.00015506104425937542,0.010246631271394555,0.013610162561793704,0.00586224521310097,0.018407619717453416,0.01652566764376795
2018-02-26,0.0070228685078788464,0.011756997779638123,-0.001838904159492952,0.005430404488464154,0.003984307138607868,0.006145402542227618,0.009546462702249237,-0.0014123395947251982
2018-02-27,-0.009627705376191916,-0.012706864297021059,-0.002081380194829393,-0.011959630451312805,-0.018334773774105417,-0.007856188088782967,-0.021109853230512843,-0.012553980935349762
2018-02-28,-0.008492575501374128,-0.011095806550352139,0.011080365411192741,-0.0121562015129048,-0.010668243729298643,-0.011224233302121632,-0.011476841883086508,-0.002809681879641146
2018-03-01,-0.011583239418906672,-0.013324342350110263,0.005933125852838886,-0.006600649716003292,-0.008891875311906827,-0.002514028602549012,-0.004376062720178764,-0.010229386516684369
2018-03-02,0.006680227434678887,0.005071573420174946,-0.002550587415628332,0.011273648255861616,0.005818918418810881,0.004593098400837103,0.0037872656600299592,0.004037412739934521
2018-03-05,-0.00030291256759921515,0.011032048304691067,-2.064467176425729e-05,0.008181287374082382,0.011058903400713804,0.00999665735050681,0.005790483982692329,0.007931521336490555
2018-03-06,0.005524442078324773,0.0026387939462098053,-0.001750217775525965,0.005610563082012113,0.002313860950559077,0.007758845343126986,0.003531164508869811,0.008665479217208727
2018-03-07,0.005964522808842371,-0.00048384968403136774,-0.0023920864624889693,0.005219657992316354,0.0031813715932695885,-0.001636950961390604,-0.0025101158573431763,0.007709642095134139
2018-03-08,0.0038248026534194084,0.00446310693853591,0.003884123033379943,0.0034015284520083865,0.003682616857046295,0.00010588469982875104,0.003420036210832533,0.00716789276273655
2018-03-09,0.013659860330340019,0.017378795678667736,0.0006311922585141258,0.012335655311434794,0.008934685079267313,0.004583036789858719,0.006095663249191086,0.020985898473189213
2018-03-12,0.0017438730356192922,-0.001273967637633433,-0.00023562880646468658,0.001883979713684053,0.0022168385065799434,0.0008234869228815889,0.005385235528263754,-0.0025747458634839404
2018-03-13,-0.007069461891312486,-0.00636359063175973,0.0042582611027191354,-0.003630831229032087,-0.014821760358338487,-0.0019280320490953073,-0.007091530596990747,-0.009928453410724236
2018-03-14,0.00841986592720175,-0.005724493818052956,-0.0021872020351233513,-0.004547575167414975,-0.006479488639423381,0.0005685984064109918,-0.011130696389705985,0.0020499314408235487
2018-03-15,-0.008323887721027618,-0.0007819660444884358,-0.00977875403464968,-0.0014994411085379167,-0.004813702084459971,-0.004520605723726257,-0.012432824229308248,0.003954941025432922
2018-03-16,0.0007955932054305817,0.0017034720983646334,-0.0063994471110258395,0.005485557243920199,0.002788045442913223,0.0044632859570785674,0.0003682263690452103,0.000616937806519946
2018-03-19,-0.024273067563356156,-0.014204163502312905,0.0012875794335542275,-0.008393879735202218,-0.011523246145253685,-0.012462422348462844,-0.017947889037901118,-0.009022906160226274
2018-03-20,0.0020629336137430636,0.001481798210046792,0.0026929187042289576,-0.004031417801547942,-0.0033590804785031962,-0.00733367013259134,-0.007543980361091606,0.0038564839082166897
2018-03-21,-0.0034478816309323843,-0.001843986249236318,0.0021123172363346826,0.005038681189772557,0.00539987788842855,0.0047424593742557706,-0.013127198789309348,-0.004043315737888964
2018-03-22,-0.023905752683518612,-0.02516289137256489,-0.005549661530579031,-0.016940274673218556,-0.01778735118857233,-0.011646903065605785,-0.02307928599496023,-0.022191756611198987
2018-03-23,-0.030726338303825318,-0.020966906104724736,-0.0013817163972004859,-0.016363057066914016,-0.016558546236454363,-0.0105304243780181,-0.011274353886688515,-0.00971587822402431
2018-03-26,0.04853639791308624,0.0271572407717926,-0.003097423028917532,0.017332687672418898,0.007619640267444438,0.008755765307214114,0.024916781068583305,0.025326474383525092
2018-03-27,-0.03277595998675412,-0.017276334844182117,-0.006586335051760584,-0.015216549986118903,-0.018047263667965833,-0.0050192753673874435,-0.015414817931165168,-0.02426802025750741
2018-03-28,-0.0027446973903582084,-0.0029166124426820428,0.0007052130480819426,-0.0035338756977062367,-0.005905426371714095,0.0032758461827335768,0.007455124846625694,-0.009909037192331159
2018-03-29,0.01332668782995879,0.01376967370441462,0.006052510529124369,0.009457110297187602,0.011995527951077278,0.007800994060970899,0.014097843521911237,0.016626721378438347
2018-04-02,-0.02381405746091906,-0.02233733580221664,-0.013232579704287208,-0.017412373238186694,-0.02219752673391584,-0.01651733201337524,-0.03052119758631588,-0.01969889495067889
2018-04-03,0.005305597507753982,0.01261483879963432,-0.005029598558684472,0.0056738445942398855,0.0050248842645135286,0.006822899307668218,0.006222627576571771,0.00849932087496552
2018-04-04,0.018176247314158896,0.011566486259060316,0.014715316011956732,0.009249345918359464,0.014780997111145,0.003620537419797287,0.015293525418931031,0.00601753022501561
2018-04-05,0.0072892274117764,0.00686280811739759,0.00021781503420991065,0.004817699189404571,0.011386272175319291,0.003219529369408836,0.0013328273640078605,0.005186843426384424
2018-04-06,-0.027424869925412116,-0.02192020549488527,-0.009878228254792969,-0.011513729686312184,-0.015900600862849168,-0.011251312702553641,-0.014487139303540062,-0.01485624784833972
2018-04-09,0.009768124601988504,0.003336571356168383,0.00402138228971724,-0.0014827511009064972,0.0007763487159337945,0.002365243890726898,0.0018692169263156977,0.0007803328209143867
2018-04-10,0.020352052160903595,0.01672687474169199,0.013013753586068823,0.0145390208750759,0.010863851236067036,0.01695590934679836,0.008524546767632923,0.017408223797732658
2018-04-11,-0.007985330956068052,-0.005525298565605352,0.008156373229430202,0.0012015543494116126,-0.0017621745579617933,-0.0017900688615796192,0.0008307878431950133,-0.001127268690113814
2018-04-12,0.014729514139245614,0.008250731400845313,0.005719160288330026,0.0026320758890666885,0.012033927796309296,0.0021023927586591995,-0.003495502627763769,0.004801937747057172
2018-04-13,-0.0029085464211859495,-0.0028866474724003055,-0.0007100550535617318,0.0005329679791093849,-0.006960529676219962,-0.0045901642707590895,-0.0020653993678135807,-0.005448479939078821
2018-04-16,0.0015547860925813435,0.008109023830139561,-0.0008530876759946695,0.007382506794914828,0.010799899260518496,0.004190958648961907,0.005940424506318598,0.004472963545851361
2018-04-17,0.022112783251481433,0.01066157798822931,0.004400988172086897,0.0072947998725083375,0.00693335242736426,0.0045473410264280645,0.005965175290161717,0.019043715527718108
2018-04-18,0.0022113069973900648,0.0008313657676830566,-0.0059316086174040356,0.0022050007264589905,0.005770371507481498,0.0028091725183703176,-0.0061387582431031715,0.005043426538787976
2018-04-19,-0.008059984892089403,-0.005726120857699746,0.006709567397054402,-0.005309395805431653,-0.008605547659853774,-0.005944159985777797,-0.012693368065058164,-0.00030550804615647737
2018-04-20,-0.011137616407370727,-0.008536535555283331,0.0028371359696602733,-0.004502436122239697,-0.007810464543268947,-0.004989514901733383,-0.018703049258740445,-0.008744310101666321
2018-04-23,0.0004285333400262381,5.617682967939963e-05,0.005675254956758988,-0.0039015945531195783,0.0027672575376491704,-0.0007894141291400202,-0.008145871320794917,-0.005841549059313666
2018-04-24,-0.02609361222529971,-0.01338056915166519,0.004872521968630467,-0.0067424072280257465,-0.01046661080216338,-0.0027914718920178942,-0.015645309157984566,-0.011288906099685136
2018-04-25,-0.006137804294377787,0.0018371189116968,-0.0001131374662165115,-0.0016790564314775526,-0.00019860701064877692,-0.002036182967385836,0.0030212286180322234,-0.009719725379401023
2018-04-26,0.019143541485718025,0.01043418958854292,-0.0032381270364399755,0.005542554699572382,0.007126943820508379,0.004415742519415789,0.005723550744288097,0.018663551418549584
2018-04-27,-0.0029938130962921345,0.0011136358523251566,-0.0020014213604105484,-0.0007816486818803064,-0.032711267191983806,0.000141987903322649,0.001663209703374413,-0.005245444081749873
2018-04-30,-0.013199002358248594,-0.008187541902161422,-0.002609247082090091,-0.008726474933873869,0.004538210927962805,-0.011805950835803714,-0.015002489060266357,-0.0014349060348231026
2018-05-01,0.0076916121471741015,0.0025490455240648746,0.0015891852501642894,0.0021059849963722976,0.008046224834554083,0.0011565987635109296,-0.00623057610561184,0.005325963028898428
2018-05-02,-0.045045073692028294,-0.007205815880669042,0.005558237648707558,0.0013186357171167202,-0.007923024435831372,-0.011448097647713595,-0.019454201239926583,0.0001307839328812399
2018-05-03,0.0015661116607419796,-0.0022536964035709817,0.008959775690673135,-0.0026137014736476857,-0.0055837317434026534,-0.010605918445073305,0.008883143132743188,0.0008221768615728209
2018-05-04,0.007489068187266208,0.012811201149927953,0.0006480166640004531,0.008404189623343328,0.013362816576296456,0.006909270749857478,0.04263746977917982,0.008793980101647003
2018-05-07,0.004025069587794769,0.003457960066380883,0.006150048480032139,0.0037982239181482977,0.008047081341413742,0.0029942300226415424,0.010427937248818964,0.00895350285743568
2018-05-08,0.005013749249773195,-0.0002656559269333947,-0.0017332554607865061,0.0013100635621212066,-0.003792528457123301,-0.010821455606481513,-0.0013543402178284314,-0.0009460812103208037
2018-05-09,0.012012334821350038,0.009682176113057217,-0.0015709966563903152,0.007849531464108937,-0.0018443809417807433,0.007309290488326736,-0.0013410120122161473,0.0024383583494784755
2018-05-10,0.011147611945786617,0.009370632999603501,0.006755276243158597,0.0014539655994508169,0.00972262863284157,0.010401191963426148,0.009593633613284249,0.004004602177815286
2018-05-11,0.003355501998317689,0.0017076314600799058,0.0003575735145422552,0.0002813290116357553,-0.00471666905363044,0.0009820672892257851,0.0026244948369960053,-0.004124584315438717
2018-05-14,0.003968560457760691,0.0008835217690965624,0.0009148572982968168,0.0016348438954715886,0.0,0.0,0.0,0.0
2018-05-15,-0.007026685127633232,-0.006842165025108815,-0.0011347640786478592,-0.0011388145155798901,-0.0007258951883974963,-0.001408825108695111,-0.003189486953489307,-0.014605918255618187
2018-05-16,0.002332765228723314,0.004060558004020054,-0.0023264583223177072,0.003340813173031049,0.008637249681500814,0.006244379568701941,0.005479526715449046,0.004309951740359086
2018-05-17,0.002786787117561936,-0.000855843612027285,-0.006949258300842096,0.005204873576385497,-0.0019554898482433414,0.002523886211389881,-0.006267142670329573,-0.005139770311048286
2018-05-18,0.009429693330064307,-0.002632227136203147,0.00255737617934542,-0.0024963626093480076,-0.0043573402816528,-0.002672472260554448,-0.012831894791676124,-0.002211908523413797
2018-05-21,0.004276192116063152,0.007386738519040259,-0.003092315964033596,0.0049239052457098675,0.002503393715479696,-0.001195254097047016,-0.0011529443740153633,0.010369938945964163
2018-05-22,-0.0019403896109787913,-0.0031357367883761977,0.011233874151621016,-0.005628173155741407,-0.0023452003618733568,0.001167786406650828,-0.0002396535730574412,-0.0024545894372361987
2018-05-23,0.007538582476393459,0.003248373977771557,-0.0020931693455369113,0.001962476674463127,-0.0008987072156005914,-0.0006585518866333295,0.005061831069750332,0.011107732371512968
2018-05-24,-0.0023796956700373,-0.002023202806873625,0.0010754394128114446,-0.0011211912752551849,-0.002159873152032809,-0.002229346114216879,0.0008800720205921486,0.002245333980654074
2018-05-25,-0.002982488335782666,-0.002357245505469785,-0.0011418605911237998,-0.0016050956012402461,0.002145932354410851,0.0021602180693875983,0.008299491458894527,-0.0009161259763232898
2018-05-29,-0.0023804420350223747,-0.011564198388288038,-0.00017911674734275278,-0.005536785313187609,-0.010713941209261169,-0.005302890803479786,-0.00937257424091753,-0.00961272450128603
2018-05-30,0.008571440124261587,0.01269582803565994,-0.00013210604167361408,0.011756366876740044,0.004652898224695612,0.004130648150903582,0.01994982282837809,0.006913615085951229
2018-05-31,0.00012129813234840192,-0.006879563584568427,0.0036730585850819155,-0.004673046020574921,-0.00805371126307386,-0.006034103057747542,-0.017406959479275952,0.002284162136863221
2018-06-01,0.015819980155760433,0.01084919435028664,-0.003979414986119907,0.007211957439397143,0.005212253870950034,0.003764353989931024,0.005158080335660564,0.013489740816404305
2018-06-04,0.017517247222293232,0.0044795986279628774,0.0021131444816119434,-0.0003350213874505028,0.0059888733839361654,-0.004368053956991136,0.011073345995684214,0.009576615680670251
2018-06-05,0.00288463671924651,0.0007026178887243884,0.0022427590266043494,0.004887213239830203,0.0007576304156247106,0.006978316110446414,-0.006192382627850601,0.009552662425561964
2018-06-06,0.010693100293564553,0.00856737485448189,-0.00909960456846523,0.0049581538499876435,0.010718273470438522,0.00991509340571195,0.004335301458181728,0.010587474761752702
2018-06-07,-0.01314958598770799,-0.0007141955380813858,0.008275050744601073,-0.002454723469500312,-0.0009234858488313957,0.009195054571537352,-0.002086221153068446,-0.013633639512570905
2018-06-08,0.00680780787132799,0.0031259362467830343,-0.001352984341115749,0.0012024253066676425,0.0017949559480165964,0.007805124791907536,0.010082633794292528,0.008574665712652195
2018-06-11,-0.0040516748739734725,0.0010687182218256375,-0.0007406402470149353,0.001699935472157882,0.00526534631214437,0.004533725494172636,0.01613120969511384,-0.0006087303092651153
2018-06-12,0.004651579993172709,0.0017433501078361058,0.00026732933902428755,0.0014192289719331859,0.0049783202936295465,0.0004311057876167368,0.0029661503921774024,0.011772977917354766
2018-06-13,-0.002346960940308211,-0.004026050917702695,0.0032771168680336736,-0.004321887198423314,-0.00611832591411421,-0.0008561403361970754,-0.002114850627874976,-0.0075633640661074706
2018-06-14,0.0025584943042364543,0.002471510972283708,-0.003715336599510753,0.009454391906385771,0.004935603913210906,-3.861006278826906e-05,0.006398804777116851,0.01852910596250568
2018-06-15,-0.009718025643058422,-0.0010170746345898873,-0.0041245939843452895,-2.858234411290573e-05,-0.001877619651014517,-0.0006264075459432307,0.01129137063615504,-0.0070208252275894
2018-06-18,-0.0010130563537056698,-0.0021261593144484836,-0.0037917037037109892,-0.0002934549786588768,0.00031072073947502327,-0.00026308913843653414,-0.008114913723238248,0.0027791427562597892
2018-06-19,0.0039101891484186,-0.004023433979269853,-0.006889320056945307,-4.768673750810986e-05,-0.0034627697571553147,0.001863549205481041,0.00982099851781282,-0.005693140610880665
2018-06-20,0.01142103039347327,0.0017121614137458607,0.0033164397444883954,0.006758408327075197,0.004406307520162135,0.005694583102125117,0.009543330149738738,0.0075168411750963235
2018-06-21,-0.002031223962711714,-0.006345489498865264,0.0046096181796158545,-0.009595743650146822,-0.0053831736101841434,-0.005493709159321236,-0.007409624698691997,-0.01142756597318595
2018-06-22,-0.007798944755453803,0.0018619806819504259,-0.003196591882102468,0.0033727832371857835,0.0034064307371257647,0.00496618684793515,0.00690296220405795,-0.001541501176619997
2018-06-25,-0.01785152207856333,-0.013724735741665661,-0.0003597376214691077,-0.015440503969077316,-0.01434221455654794,-0.007227220951238178,-0.004659696965261585,-0.03026965993782804
2018-06-26,-0.001305311279794497,0.0022045806696182613,0.003645260390887311,0.007186385226310985,0.003499301677307276,-0.0015912855699516948,-0.001814456583821844,0.005345281427860504
2018-06-27,-0.019501625601253937,-0.008604290761129008,0.012901026250884544,-0.018137458180494916,-0.01085369940031333,-0.008075297299037332,-0.00906873477652026,-0.02116958754395704
2018-06-28,0.019411068033914642,0.006178624478169192,0.0014916352704705351,-0.0004163845775753252,0.004181085089276504,5.792955316485938e-05,0.0023983514828909147,0.010387579375951141
2018-06-29,0.005542276661159584,0.0007583817752760957,0.002801892589980182,0.0019373010701544176,-0.0006925859084643271,-0.002212308733195112,0.0005399385495616915,0.0009169026904409793
2018-07-02,0.009284727297830104,0.0030680150237090142,-0.0007470389025459893,0.002092635582330653,0.00015026003498697094,0.002083286181036259,-0.006129573280239886,0.006801414371679915
2018-07-03,-0.00542940388295754,-0.00494735413740377,6.022451428265314e-05,0.0053071389973884785,0.0007530720347461718,-0.0017488607479899665,0.0038526893253845174,-0.006875760753599747
2018-07-05,0.014589592530195684,0.00862075320099387,-0.003566009119817333,0.007693194854312291,0.006601184401277438,0.005279530402766852,0.014715935818862437,0.008480628841523563
2018-07-06,0.02098517307963821,0.008481296202235589,-0.0007312522318966095,0.005459420706325032,0.01264331476344793,0.009595078459257778,0.0074225859002994285,0.01464222452436914
2018-07-09,0.009736251390469741,0.008823039183714743,0.011006484919932431,0.005512815214724633,0.008679933692042896,0.005255837826605658,0.0004905751117563195,0.0044544868025913065
2018-07-10,0.0011301418684390716,0.0034732074550045677,-0.003640144580342217,-0.0039285013386599135,9.735090013673897e-06,-0.0016920341896727866,0.00045680519966606603,-0.007234103574662477
2018-07-11,-0.0033179798169810835,-0.007094178621538827,0.001984623532801548,-0.007462533710179456,-0.00696491098329155,-0.01010242958150509,-0.0060401026792927795,-0.006874109793486682
2018-07-12,0.025282074807700134,0.008749035695488905,-0.002781837928752496,0.00407827769571014,0.006349034586335511,0.0043750926918868505,0.002512481808402578,0.010916552935339665
2018-07-13,-0.001241341246469167,0.0010792305300737493,-0.0031957461286825123,0.0016220535955784742,-0.0010318922271076447,0.0010248105433197097,0.002660081866155073,0.00028334014471442787
2018-07-16,-0.002994418310447518,-0.001028090429120665,0.0009774542702465187,-0.006062388170829563,-0.0008546635062638419,-0.005462147740111112,-0.011606273592933423,-0.002055363872091931
2018-07-17,0.006121775438821456,0.00397365665748306,-0.002263099918614665,0.0019611877474643128,0.00012996114705088324,-0.0024242102529565823,0.0046084119052574035,0.001477298127765092
2018-07-18,-0.004311425388126159,0.0021604883344306103,-0.0009977033940711767,0.0017977737588000594,-0.00011823952665657168,-0.0014672417602572538,-0.012126883085381568,-0.0032268452219177397
2018-07-19,-0.005759547278815705,-0.003952948196134454,0.0011585204965324266,0.0025031934798483623,-0.0041760699277006985,-0.004655604187956408,-0.004324551644358965,-0.0076756966181344985
2018-07-20,0.007698336226535485,-0.0009484790461010695,-0.0043477267860147035,-0.0010456718571688014,-0.0016121318576650667,-0.0016952669684223711,-0.0058977706913841965,-0.003937290587360698
2018-07-23,0.012120582394177386,0.00183808439484201,-0.001495341253952235,0.002133052419271224,-0.0021181189200844,-0.0013903519068328984,-0.0022873262740245037,0.0016665973676130985
2018-07-24,0.008311518606511878,0.004780938945058377,-0.004024088085911004,-0.004878024874475221,-0.005100061135056899,0.0009250244850127488,-0.007629645198018786,0.0009831064320657834
2018-07-25,0.01512079994884811,0.009101545880016992,-0.008558282208845977,0.0034146714025841216,-0.0010949916378339974,0.003550778509086028,0.003487330748127793,0.020241116857608654
2018-07-26,-0.014984628970502381,-0.003032251490652005,0.002569358466625737,0.00558418393460411,0.0019380216373972024,-0.0030435910276164213,0.00680209499917428,-0.0211188880879446
2018-07-27,-0.025417712316621228,-0.006562253298748155,-0.0050664556696882026,-0.011982962907190827,-0.008905483429793692,0.0003726351434487629,-0.006623024830247347,-0.014416878560810196
2018-07-30,-0.02125168944538639,-0.005754180827438504,-0.0027790018729741944,-0.004493989289049178,-0.004830185824816424,0.0047145503349035325,-0.0023089837299197224,-0.024583601979130232
2018-07-31,0.007829642414021138,0.00488474987511589,0.007366125842987862,0.006082861830285364,0.010458211606827694,0.005690295888443053,0.0013620965651006678,0.004780188502838456
2018-08-01,0.006284963276802945,-0.001036825042875611,0.006177928060941765,-0.002941898261522825,-0.015330128550594237,-0.005111716079704287,-0.011222654726454784,0.000135199594355484
2018-08-02,0.011158022605452029,0.004922921620689635,-0.0004593882342807288,0.00475923582092915,0.002426890145631244,-0.0009817326799987924,0.0027289708840456672,0.009181035244326452
2018-08-03,0.0014195066451732075,0.0046441380578801095,-0.0036561883411032796,0.0028167137507332136,0.0017961943625666164,0.01362991570278993,0.054424970990310406,-0.0017071294137110948
2018-08-06,0.00229047130520262,0.0035382963367192044,0.0005289689664901014,0.00028536366995477597,0.006661335399468893,0.005636241770461847,-0.021611462222442257,0.008851738969798628
2018-08-07,0.006554929795058154,0.002824165029469361,0.0002066895476068234,-0.0013301988570422658,-0.0018678219503058813,0.0033629654641400553,-0.00819763603714141,-0.0015678367561140494
2018-08-08,-0.0026845975312576784,-0.00026237996116773576,0.008429056888567292,-0.0018115841437642602,0.002017571121623707,0.005967196021443355,-0.010245895846507593,-0.0042211668085712075
2018-08-09,0.007097942420921358,-0.001441718864821362,0.0034744008794566307,0.0005504698689144736,0.004563216029375815,-0.004652435113765341,-0.004623110536388975,-0.0015897921495776626
2018-08-10,-0.008243664706172993,-0.0071138709971333425,-0.0005898377591550027,-0.0045110349006758175,-0.0055776095042764364,-0.0024461362878049893,-0.006300128501807278,-0.0165371059314745
2018-08-13,-0.0005044376982556997,-0.004005957759204981,-0.004066214609302896,-0.006648327033749637,0.0,0.0,0.0,0.0
2018-08-14,0.007521609678921163,0.00638924424064391,-0.0019117855946560575,0.006519248248996956,0.0006927269292613669,0.005705262560219859,0.005501230595829743,-0.005002043566892267
2018-08-15,-0.026081286166732106,-0.00760221974957398,-0.007929606831694979,-0.010622280401902115,-0.011541168284892487,-0.008253640903851167,-0.005882282282862915,-0.01935522823077962
2018-08-16,0.003787203209777027,0.007919471183698512,0.003845239885834553,0.007767529075182366,0.011323247583709728,0.004126597738954407,0.021862528183706376,-0.002615425087784007
2018-08-17,-0.011451956861266616,0.0033231362802699227,-0.0005142111800713377,0.003612478478092875,0.001458048534137335,0.0037353713354033595,0.0100697419673359,-0.00930630844026814
2018-08-20,-0.0035895212050077725,0.002427959426412052,0.0013096514228696972,0.004836739804985247,0.0016514079133886914,0.007360384071836146,-0.00032236013689024284,0.009379753090803966
2018-08-21,0.003473390972001278,0.0020685672284348477,0.0022259515238577717,0.004600413482314142,0.010694590015936534,0.006843898257620662,-0.007703884619280955,0.010367998491463082
2018-08-22,0.008492245591010434,-0.0003981892866123937,0.007844597788020744,0.0017918104897382476,0.0011317218829265394,-0.0027843734940044,-0.0040949595650384705,0.007464518868398828
2018-08-23,0.001037782117487988,-0.001691231454109654,-0.004902728950629546,-0.0016462085652888287,-0.004627970621473465,-0.005066368318462633,-0.010323844031154937,-0.010097519676432907
2018-08-24,0.014115593444672392,0.0061988533346399866,0.0006480379689637909,0.002827720671716798,0.006674302948825428,0.00422861222635218,0.004690886326091714,0.012350342674829484
2018-08-27,0.008780498963402604,0.007670392285776817,-0.0006778486441914338,0.0014468320833851856,0.005238190255485442,0.0019958705801674803,0.00863879372142673,0.01959032835674601
2018-08-28,0.004868525072359464,0.0002692682118519141,-0.004256937235350698,0.0008310056202834693,0.000646080475171118,0.0012355799637433493,-0.006537132029640014,-0.005676908335817577
2018-08-29,0.015784615898339828,0.005701427427593275,-0.002433558843777905,0.0035432474958972016,0.0035779421325641274,0.0027762667647253107,0.0062336247854528634,0.0018787921144431954
2018-08-30,0.0008376317710505621,-0.004430275493816138,-0.0026362019995315113,-0.0012238316221570436,-0.007327611560470902,-0.0019271312083709578,-0.01617445921232719,-0.013139368197211064
2018-08-31,-0.0004466309794275056,0.00013443037712890238,0.004276901471822907,0.004150789810007335,0.003071817954914513,0.0007518961029824299,0.0031176101676426704,-0.000409927502484031
2018-09-04,-0.005506547757846017,-0.001654305329620409,-0.0008595959014497946,-0.0028495648607710666,-0.0015790007564637776,-0.0041591360461323825,-0.017687775654080085,-0.014064885019449023
2018-09-05,-0.022929115911424137,-0.002803170482476691,0.00880922298824526,-0.0036186868842521406,-0.006677076055046194,-0.0018991734919434624,0.0003066478851021514,-0.04084700767890137
2018-09-06,-0.006798619514634785,-0.0036522883057535926,0.00527187467030329,-0.00684146014180213,-0.008370282828010667,-0.00437283207103456,-0.002910687366460496,-0.003521929724459971
2018-09-07,-0.005317488583447457,-0.0022133041469051262,-0.0021634203736277686,-0.0015004043297471466,0.002157313823708318,-0.0008617465014520986,-0.003002815062459252,0.002302919186943253
2018-09-10,0.00862045618996691,0.001897843770893859,-0.004582106569881925,0.002830225976821461,0.00455247901768141,3.62956618598087e-05,0.008984016451913934,-0.0013462208485077733
2018-09-11,0.010431616079608111,0.0037398379635260603,0.0016038233086162015,0.004713503198543284,0.0019533264736444345,-0.0042874960097500905,0.007188891335372372,0.006222004032079065
2018-09-12,0.012974673843958968,0.00035666178420923345,0.0027994767191268496,-0.0017856932549467086,0.002715207331690284,0.00998434642256152,0.014784923140622519,0.0038803177817081647
2018-09-13,0.0034990739786211846,0.005282250806529776,0.003059380638483085,-0.00029495866955627165,0.006199692732697937,0.005500948151643037,0.00757069108996955,0.006022653546335022
2018-09-14,-0.0070680897513631935,0.00027546501938591206,0.00047690745557808377,0.0012372339514746672,0.004330411205606399,-0.0031472678570872987,-0.004812894419437996,-0.0022566899007792074
2018-09-17,-0.014052964864311549,-0.005569745746958565,-0.005064159920316772,-0.0031580642567762547,-0.00765702180321559,-0.006063883745593413,-0.00878657270173544,-0.021380487576753367
2018-09-18,0.011165946126243146,0.005369011354195541,0.001881640180327623,0.0034749594493653736,0.00713578642046131,0.004386624538974981,-0.010175468677581678,0.007880711108140925
2018-09-19,-0.005019089073146632,0.00125330973621951,0.0146883193321074,-0.0013955152434511498,0.0021234096987843287,0.0026727298079747275,-0.001223449471872251,0.005440859269782772
2018-09-20,0.014681344080709941,0.007840574975498171,0.011698947165321496,0.0077247988669616454,0.0044272233446502884,0.0062026806893409345,0.009847358503806136,0.01143063565281266
2018-09-21,0.005127854379367358,-0.00036850635502849727,-0.004860053853942359,-0.0031136678501748737,-0.0017242490236488715,-0.000370215863891854,-0.006488570206529154,-0.0014848917568850428
2018-09-24,-0.0019966745093848255,-0.0035157543341060027,0.012860483789829477,-0.003643151870721465,-0.007073149385590226,-0.005287223052095724,-0.0110713847128725,-0.003208576139481556
2018-09-25,-0.001854408097907156,-0.0013050760951849316,0.001992920132506045,0.0003324828963385785,-0.002418887068293407,-0.003652529768253032,-0.011873710551765893,0.004900253819282385
2018-09-26,0.0008614678221069798,-0.00328924803468289,0.001034454435626287,-0.0031702001635621328,-0.005042602091560378,-0.0025454825690907072,-0.0067726214719406866,0.007576037259142466
2018-09-27,0.0021648467740911594,0.0027632769780832067,0.003262266316908909,-0.0018254142177182371,0.0035268641204164726,0.003482305139706155,-0.0011431421452552384,0.005109456984111249
2018-09-28,-0.0016819096870248256,-6.863417982172493e-06,-0.0001923870757483029,-0.0019745484874826463,0.002185999481846057,0.0020452628483906827,-0.0014764537875477937,-0.0026839094215281856
2018-10-01,0.005751438157937179,0.0036410682297065566,-0.002388237794829361,-0.0013188456190983409,-0.00404589989561166,0.0002508813920356623,0.006181070355752104,-0.005249712633441983
2018-10-02,-0.0016029462783569612,-0.00039663679353352244,0.0018325473398827128,-0.0065885847974277295,0.0015618134374351114,0.00521383972254319,0.0014704350511609565,-0.009740844662098014
2018-10-03,0.0032635555796282447,0.0007114930065028613,-0.0005258423053848012,0.006670060745992686,0.0025745181017289287,0.0014556101397438235,-0.0037722579448735694,0.0029834842802145545
2018-10-04,-0.027931479486103195,-0.008169515742554312,0.00014369899847184973,-0.013089263150566927,-0.010205606033459548,-0.00866251967902987,-0.00406929087942709,-0.02745843311785634
2018-10-05,-0.00792838811836279,-0.005527965508803745,-0.003506297741015043,-0.0070222536460457,-0.010609217093960677,-0.004302826239727553,-0.0006838080813316161,-0.015004371333451784
2018-10-08,-0.013644954353885389,-0.00039506925841348295,-0.004039738551821122,-0.005824509431304516,-0.0032684941446244893,-0.0006709519716957546,0.01389008423691207,-0.008057520629305094
2018-10-09,0.0026989116165948195,-0.0014179577940874877,-0.010404843846170379,-1.2339627524965307e-06,0.001612526367420486,-0.0006487808613754309,-0.012481542893821085,-0.003110534842468149
2018-10-10,-0.044853731855366966,-0.032864175757028824,-0.002851123725629432,-0.025833273222290367,-0.02934308237236527,-0.0109697304171108,-0.015192721180025346,-0.053816120281321655
2018-10-11,-0.008960052304000505,-0.020573073719881707,0.0046983114846931295,-0.01603307590398319,-0.012847263550375687,-0.013790454673186623,-0.02713086827268818,0.0014848209948148394
2018-10-12,0.030276865904635516,0.014206284338267983,0.016796267105344362,0.0050375400903487026,0.010740854098178376,0.0062811391791781634,0.00928922478689076,0.03126234028042707
2018-10-15,-0.017254155052398946,-0.005905035180855278,-0.011152028327865686,0.0016950065697143204,0.0015870926411105655,0.0027783514853574327,0.004125124007786861,-0.00476775838886534
2018-10-16,0.04128874165561913,0.021495643069809,0.02194950173863578,0.018629825791079045,0.02117650770260404,0.01332782456622561,0.018882885583560327,0.032057964997970645
2018-10-17,-0.006035163475669828,-0.0002526762327753618,0.0004794574702548914,-0.005467945312412677,0.009851947574398556,-0.00043543578381355363,0.01047471647570286,-0.007346869522451781
2018-10-18,-0.023908407547672463,-0.014391946490294405,-0.003965706276844463,-0.01188707266157357,-0.010673246483467458,-0.0053355410325681705,-0.013776319712977658,-0.029240332570656506
2018-10-19,0.02785274365087246,-0.00036116990154511086,-0.009592779906083728,-0.010301669812292457,-0.01477258502653944,0.001980151494736848,0.0237418811825516,-0.0100303562800782
2018-10-22,0.001300350158487766,-0.0042994746692295305,0.0006254259653814838,-0.00695142340807817,-0.012041518255137551,-0.0052047136712466404,-0.017305171356688964,0.01042435320188706
2018-10-23,0.0006106317374926871,-0.00551185102399232,-0.001661953237947794,-0.00904626645915853,-0.005790486994541655,-0.003995439761766306,0.003268764670131485,-0.0044785168295427
2018-10-24,-0.051898491710628394,-0.030864490329077787,-0.0189362005578426,-0.026469773328941192,-0.029192213324760963,-0.03209942831322432,-0.021168939821991528,-0.04936963562990415
2018-10-25,0.03398474182834647,0.018625051767629408,0.012553623779646028,0.014106996300181574,0.0215495016937064,0.008035758072109989,0.008064186500158499,0.03954845857349154
2018-10-26,-0.008727186313100061,-0.01732721755489608,-0.0006110754174662447,-0.009695608298776538,-0.019403557909404626,-0.00771786016479714,-0.024951169076115054,-0.01504327024862562
2018-10-29,-0.013023788231649736,-0.006559621467715271,-0.014957011925562876,-0.008411795434263814,-0.008862569304325163,-0.0005392257408485257,0.00959667215049187,-0.0266349843407645
2018-10-30,0.003947585666862485,0.015666824420255576,0.0057371932011629715,0.0093610639513366,0.017068602964736446,0.005053451246334273,0.009168340539645436,0.020352493182622663
2018-10-31,0.005592872623033873,0.010851291456518197,0.02215100997224197,0.006853501101623448,0.015615495394285084,0.005791195864119691,-0.0024825043427052496,0.038588798780660793
2018-11-01,0.0110014969695242,0.0105577968389301,0.028358656641746582,0.01911425175339625,0.015545460414422731,0.022372155514067904,0.022348371056692518,0.02018461566244234
2018-11-02,-0.009366481886191935,-0.006316665267828814,0.0036111276156367,-0.0010455990615587368,-0.0008782597778753676,-0.004116395786917693,-0.06390593232880926,-0.012466483120162077
2018-11-05,0.007066358200455536,0.005600317290107348,0.008879883357089391,-0.0003296140485751815,0.002988102812451876,0.0017820771447052406,0.0226998785854291,0.001978217155563789
2018-11-06,0.006878073409677018,0.006259335137365651,-0.0016198308915793026,0.004327370518867528,0.0024186983009912844,0.01875382309286855,0.014526704478952325,0.0016943051145668073
2018-11-07,0.03714599888906951,0.02120887695294771,0.003824712989762015,0.01437135262614421,0.013337360334213509,0.005448990788565089,0.011901555297371136,0.02683649939285604
2018-11-08,-0.000324421581471686,-0.0025089822274502183,0.0008064326595525222,0.00022822374962386992,-0.010045279102325888,-0.004841379756939657,-0.006051663515695083,-0.028507063651460607
2018-11-09,-0.01828425065250272,-0.009198989607493102,0.008068668779909777,-0.013437231488810729,-0.012145396175643808,-0.006837611024558932,0.004150016649108634,-0.01863884078739131
2018-11-12,-0.022894380446156215,-0.019701475363267495,0.0072581035336380375,-0.015427810828043998,-0.018183827861216303,-0.009606380428554884,-0.010553838537894268,-0.02155893072893844
2018-11-13,0.002251719151359355,-0.001481905348797996,-0.007843165041164897,-0.001947182770340761,0.0,0.0,0.0,0.0
2018-11-14,-0.00680532156130927,-0.007567464311691308,0.003043361197724337,-0.009249604324276328,-0.0019169489215353774,-0.00830446621629122,-0.010577361081709702,0.006289176767772853
2018-11-15,0.014365600455513234,0.010593800664796094,0.0507353374551575,0.008929962037593329,0.00688645645046293,0.006806384573337486,0.0009005689365682024,0.019773254762914142
2018-11-16,-0.006088482709780019,0.0022232803457622463,0.00023266679923372691,0.00285237123162355,0.005377193243714773,-0.0002107503553873125,-0.0022110248944868798,-0.009001079156664371
2018-11-19,-0.03634869958777871,-0.016643094431470606,-0.0021819771515484963,-0.017075635272145184,-0.0172766950636567,-0.012187312272685102,-0.009245731609394127,-0.048750204991354185
2018-11-20,-0.021287174545061977,-0.018151208036480848,-0.0002457164700258793,-0.01434343672451547,-0.02221516894486586,-0.01630615805321467,-0.018707237986166025,-0.017058872273887582
2018-11-21,0.00632359301873601,0.00304327583661701,0.015158647139641575,0.01155762611922707,0.012991497755632464,0.009498028495389388,0.00908591507795542,0.018122957681815155
2018-11-23,-0.005807709080569601,-0.006554890129173208,-0.004997206851316627,0.0011753010100707634,0.0017199877866092006,-0.0007385348062716178,-0.0011309970770422286,-0.009679747516476713
2018-11-26,0.025191652492467277,0.015532409517731827,0.0036593493908670775,0.004545555877580201,0.017137015274625078,-0.0022143768179496703,0.00714136194278181,0.037716637413033334
2018-11-27,0.00916321937768183,0.003261703042884756,-0.012634742123080423,-0.006782711697381517,0.005143439265718364,-0.0008011994446990299,0.009636225508482088,0.0037219582074690116
2018-11-28,0.03733899522524512,0.02297393528374414,-0.0004239763111939417,0.020121501783228957,0.01474809568908819,0.01372294000330232,0.0037497507487969095,0.02796178552664741
2018-11-29,-0.007049168294519587,-0.0021976900564546487,0.02165005764293537,-0.002446643602967109,-0.0006317140814112722,0.0008084448829130952,-0.001969010342863231,-4.1736349373433505e-05
2018-11-30,0.019011314512631456,0.00818552393197347,-0.00999570481951621,0.0024938621342255178,-0.002263526762229073,-0.004424467085050732,0.0023905934112964373,0.0010828291768540943
2018-12-03,0.007032484117053113,0.010941355061463431,0.004465234081978296,0.009465377307370952,0.0024026110722723537,0.0005301825893797574,0.004974595743989729,0.022943333717377005
2018-12-04,-0.031138178923019323,-0.03236488351007216,0.0008224015325684202,-0.031953239755570365,-0.025609522512443417,-0.015528236033324537,-0.03025432370069492,-0.03794131048025229
2018-12-06,0.011578986441217243,-0.0015221883958135285,-0.006886278768819007,-0.003115933788258165,0.004427482287360007,-0.0013124886554689574,-0.005372782573607071,0.0076610599388711184
2018-12-07,-0.034875150180979864,-0.02332016543333515,0.003689673818345975,-0.015534840362596431,-0.01990168274405657,-0.012730064197972957,-0.02269792985514385,-0.024372293960964183
2018-12-10,0.014279382277518977,0.001762194844060927,-0.01615559928832493,-0.004269721369242405,-0.00985440769730872,-0.004736048408402471,-0.007709239833999405,-0.002190218718777781
2018-12-11,0.0065105366021256375,-0.00035636837875119287,-0.008390511036697787,-0.0025421531247689197,-0.0016859504789149546,-0.0031644704885670505,0.0006114649837194452,0.0012622273400104687
2018-12-12,0.007430662524173347,0.005419488922094429,0.0020481073627450896,0.0063206337105963795,0.00912822703419458,0.008147170473933095,0.002797620213604413,0.017474871150531257
2018-12-13,0.0013508545368306661,-0.00019991927787654795,-0.012556014986111056,-0.01040779276790648,-0.006230765195938237,-0.005056075931605397,0.0004762474237971493,-0.004339990288356521
2018-12-14,-0.025468753409123426,-0.019086676677205427,-0.007552062279963027,-0.0135737540033654,-0.007269209379226259,-0.012272963950992866,-0.020367144840965582,-0.015390699433727284
2018-12-17,-0.01921988335866953,-0.020773476413007863,0.0016242074009364634,-0.02507980586839505,-0.020118824164694904,-0.00983681154421534,-0.016709098911715237,-0.031662952118237116
2018-12-18,0.007654215886071514,8.641209140813899e-05,-0.004326099408133924,-0.007642113777677405,-0.00336609463965698,-0.004434381597748116,-0.007273261541912213,0.003683733125097843
2018-12-19,-0.009957150695193873,-0.015395733182517968,-0.010074112499200935,-0.014649821247357928,-0.016730936718346245,-0.02125402331843851,-0.02055886502901738,-0.015881346122785245
2018-12-20,-0.012796129336470969,-0.015772090500047797,-0.026095103789339588,-0.02379289603420566,-0.016672784173845656,-0.008347241605965006,-0.011045183477194407,-0.02546316304850782
2018-12-21,-0.03686625358028306,-0.020588306814405377,-0.01788751858447328,-0.02163557168574526,-0.022719710074979197,-0.020979601650152783,-0.022569593410260547,-0.028892379627692973
2018-12-24,-0.029592115830347116,-0.02711224768478282,-0.003937813976790921,-0.01474497287099455,-0.019152321392093108,-0.011785940652535576,-0.02916529805876112,-0.02018096741565956
2018-12-26,0.06235514971394444,0.049593807154098,0.02274991144599324,0.03082230381146604,0.042976856380452455,0.029338060797927223,0.030958017343518437,0.05990873102736316
2018-12-27,0.006657736717875026,0.008562629168861635,0.0015706360547551087,0.000493577834619133,0.004183800905909196,-0.007472279963052997,0.009148608379345502,0.004813197818230863
2018-12-28,-0.012367780707592625,-0.0012415472330372657,0.01466400814026293,0.011663716224865698,0.0011448153809039407,0.0008628176998806136,-0.004019363313438995,-0.0061780611089719
2018-12-31,0.010850113062267944,0.008492440882795549,0.006768124753852593,0.005743146096253293,0.0070589775633920215,0.005695022222804047,-0.0040835962824744545,0.0056957122904415245
2019-01-02,0.009846309666916242,0.0012685242435728217,0.05034224414830393,0.01802201338787884,0.00602655702367616,0.015429101592371984,0.007880761326088281,-0.001553516777374031
2019-01-03,-0.016979765030936827,-0.02475667621502542,0.015246094532821431,-0.01179185375178789,-0.007847805221634974,-0.007403227695160885,-0.008477709865867933,-0.03205291842712465
2019-01-04,0.047801991332239904,0.0343356931888279,0.017621918816810824,0.030509175717565725,0.02988141249291298,0.027031659317464873,0.03356032870388126,0.061341261344090015
2019-01-07,0.004489303172525494,0.00701043468644591,0.014748202984348096,0.016942369145473514,0.009051443647673851,0.014474526781223409,0.01411109840660174,0.017184766514208416
2019-01-08,0.0069188459437216805,0.009695296290921585,0.010824927679193965,0.010478993237787464,0.010759764672161332,0.008050164280441141,0.0015437655976402453,0.005851461700144389
2019-01-09,0.007226502606096216,0.0040980263439003295,0.00021372270174369048,0.009657618695567666,0.00862956328484521,-0.0007997282666609706,-0.0005343848097381088,0.01978783764314307
2019-01-10,0.002629416298738141,0.004518445159692908,0.0030867289268032786,0.0033655538544154154,0.002869248956018477,-0.0003879258000246688,0.007422834117905896,0.003162938292108564
2019-01-11,-0.002169869069293321,-0.00014634296629478794,-0.0051119222578624,0.0038846483481752288,0.011189741475398751,0.004231628670805954,0.002050705238359374,-0.002151893358983248
2019-01-14,-0.007691191841375011,-0.005257562801876614,-0.0056419957633679066,-0.00665906688811234,-0.001998812844672737,-0.005161467852423884,0.007797649465357549,-0.0012533995979159276
2019-01-15,0.020276110703384195,0.010721711756711327,0.0003690504618276813,0.007277293798413442,0.006396735631367001,0.0028514140568789426,0.012878778172375592,0.02156590644391509
2019-01-16,-0.006927457899569981,0.002221966823736654,-0.0014225979881724278,0.00446948870473074,0.004426131525724353,0.0006457383903224477,0.0056571463293939575,0.0043541183977042755
2019-01-17,0.0067658849698163746,0.007591452926111408,-0.0008510611301699089,0.004453704159383,0.0036672720027370884,0.007093387858735145,0.0061091071969605615,0.005210365390994953
2019-01-18,0.010222653435384421,0.013183052853609212,-0.004570147013486564,0.010387498623490149,0.004605311400046164,0.005346024985507514,0.009284613760543792,0.01397430317088455
2019-01-22,-0.013634512685168724,-0.014157284018107563,0.0042362447230472325,-0.011538924918288226,-0.01437124332902451,-0.011829806838208556,-0.008773857533629914,-0.022135678107699897
2019-01-23,0.003865469920660095,0.0022028941471379238,0.009547708870012592,-0.002803795702856012,-0.0005203754139753158,6.265124082194261e-05,-0.00023972214661716065,0.0018974144579568808
2019-01-24,0.0027636454221649323,0.001375677416909804,-0.002755338133934409,0.005871118430846355,0.005937358854003705,0.00714610135382321,-0.003747984002294924,0.01217636596258398
2019-01-25,0.015673011135889515,0.0084887201825663,0.0003843002624099607,0.010659235327605774,0.012897186886609235,0.010721595066177423,0.007475595108699995,0.02118995644715249
2019-01-28,-0.018290549750491564,-0.0078468605052614,-0.009026213144247331,-0.0038047457306434173,-0.0007128949067674029,-0.0038583158924014867,0.0020473886062466477,-0.005807228174172453
2019-01-29,-0.002803736636004195,-0.001456209694195909,0.005380469253157693,-0.0008038364800144082,-0.0047868516741415,-0.007697444954024801,-0.0003124906214998502,-0.007686680253349065
2019-01-30,0.017044398979025356,0.015549242424242493,0.004866355101879844,0.011322102062022362,0.008519014711551476,0.0105214767522106,0.0015556694592175901,0.027241883952477952
2019-01-31,-0.018451547456746004,0.008597377892989533,-0.0013328809152014034,0.00974269629494425,0.02880118218606098,0.0075981982750084045,0.01880279677521424,0.014584268636705922
2019-02-01,-0.00038193008999302513,0.000898635405495396,0.0029120794429166835,0.0022220535019382035,0.010911437429214521,0.0060058299050373964,-0.002555570237977034,0.0018096242345730926
2019-02-04,0.015710224611123147,0.006776204217207926,0.008289009152788546,0.007477142680353278,-0.0005143054690184279,-0.0003472787007241518,0.0024415291404606965,0.012529004960408765
2019-02-05,-0.00439378385532437,0.004708481505539597,0.002152926904352657,0.0029098739788533923,0.005616207546426999,0.004596769402108736,0.006945712534450975,0.016791487773139213
2019-02-06,0.0014980872920482926,-0.0022208423128903254,-0.0029953478726461825,-0.002425584963979773,-0.0009838758975978523,-0.0015902697132279544,-0.007604538189631026,-0.006489709304609348
2019-02-07,-0.014575250882114827,-0.009360745638119394,0.0010755075837482562,-0.007911934186874102,-0.005301009152912761,-0.009291245930654446,-0.008186748238403263,-0.02349143217530192
2019-02-08,0.0059503565948525825,0.0006762624489569102,-0.003929691419463671,-0.0004606673420517401,0.002839904776795299,0.002668025989960743,0.0022756778720598447,0.0057388974311036725
2019-02-11,0.002391409369887502,0.0007090417596054,-0.0026864145918893954,0.004897575746783609,-0.000991148628963101,0.0034654549080399555,0.0001295546106294676,0.007071626572570322
2019-02-12,0.00032808110134948266,0.012890250202966858,0.0011356425405292107,0.01123378246705852,0.0,0.0,0.0,0.0
2019-02-13,0.0011960418877774803,0.003023976857468691,5.8462006299323487e-05,0.0017855805153341754,0.0,0.0,0.0,0.0
2019-02-14,0.003908311889353995,-0.0026516238471793185,0.002285451144743939,-0.0026182624128671377,0.0027954943833679025,0.0019867286640418147,-0.00438081041741456,-0.0039865452393594855
2019-02-15,0.011973122086422094,0.010878709851296353,-0.0013102720703420114,0.009945755156530912,0.006410423300310608,0.007684442795678592,0.010388869714152316,0.0059639170283412035
2019-02-19,-0.0038609840476722854,0.0014987750396311394,0.0017548930888205464,0.006377389536277712,0.003436864633594272,0.0008964918470641957,0.002877195623274486,0.005297558672691549
2019-02-20,-0.0030620680496963315,0.0017771318387196366,-6.695673156919234e-06,0.001217532841215703,0.0036501173732585994,-0.0016896330005933267,0.005368630389475104,0.003833474204779863
2019-02-21,0.0007234079069621254,-0.003526412180845262,-0.00016589667231589868,-0.0009138682488436332,-0.0014008593550209893,-0.004179727370719921,-0.0017169329136275113,-0.006759965184203853
2019-02-22,0.00929940333281043,0.006411088047050706,0.002395215608404087,0.008799267488405477,0.0010111408287440948,0.004447318073800721,-0.13981969817201345,0.022028911765199943
2019-02-25,0.002385399075394849,0.0012317960947767492,0.009833902411902112,-0.0009676644638484844,-0.0022423245671645553,-0.003639444539802805,-0.009525103191136973,0.00535817415165596
2019-02-26,0.001563855260888499,-0.0007903837831845228,0.0051124626510157326,-0.0020753386415775974,-0.006030256397158706,-0.006117630994392775,-0.017294107808948578,-0.0016173241015495776
2019-02-27,0.005299922589378799,-0.0005440423780378456,0.0012143983551255013,0.0005025620395390351,-0.003738533217298001,-0.013565640707087212,-0.014170033389795169,0.007531696563710888
2019-02-28,-0.00249672170542381,-0.0028255466662847617,0.003553270901744457,-0.002876574331815644,0.001145543104977165,0.017573104188802983,0.0153755874635495,-0.00538724976321292
2019-03-01,0.009044279071786546,0.0068953381050032014,-0.0007128547684006805,0.01007735867809878,0.00529167269245745,0.00622676891871321,-0.011270431448536566,0.00659318628332306
2019-03-04,-0.011151257823183639,-0.0038806002090102654,-0.0029314464130407213,0.0020603782965318324,-0.0028722482327970806,-0.0028613618563922967,0.008612022886173909,-0.0011260341882660676
2019-03-05,-0.007199398729131408,-0.0011314768996100177,0.004098144773511274,-0.002190221016652191,-0.003056322014676427,-0.006115486410295801,-0.004871187404435817,0.00779501945361849
2019-03-06,-0.007702389172758967,-0.0065241159285216455,-0.0018755786050370128,-0.015984306017532018,-0.008325947871218653,-0.010320531254045195,-0.007947586097280301,0.0007529680466700218
2019-03-07,-0.006986705784523168,-0.008125710368218741,-0.001560050670362717,-0.003297537738912303,-0.007840795253366006,0.0036315519341481033,-0.013210160333660514,-0.019471193982188103
2019-03-08,0.0022922793315841945,-0.0021317385309919112,0.007106012575515386,-0.002993058483730661,0.00035009131852081765,0.003437409054610318,0.004437279172536446,-0.005996404886239426
2019-03-11,0.01898041994809052,0.014666049353461608,6.946057625197705e-05,0.012870952723532263,0.015435100412043878,0.005009385696620017,0.005323855961204328,0.01940108086266057
2019-03-12,0.005043519563888635,0.0029533287823806376,0.004394199951031412,0.002796914128359903,-0.00017992570293223764,0.0035143029901680838,-0.002000587620421768,0.0011993393695828305
2019-03-13,0.013500059611854187,0.006949618845646821,-0.006888863648820285,0.003846574054230584,0.0027236847314233703,-0.0010744012605389264,0.010081580109036814,0.0011270387750870194
2019-03-14,-0.005544729496538799,-0.0008680432029370966,-0.010809807223061078,0.007894297714470104,-0.0002754879698124713,0.0019524459299524726,-0.006597195487671348,-0.008241490456194489
2019-03-15,0.01388360290361142,0.004984902865607044,0.001960485946074676,0.00387284677986666,0.0032643060354700104,0.003947799656827789,0.005448739571493277,0.005082724562221364
2019-03-18,0.00015342100141235715,0.0037059607153993035,0.0034612646638457825,0.013355860838090608,0.0066917499684509,-0.0002631076153069012,-0.00029169848045784713,0.0029914629303779967
2019-03-19,0.006858264362895013,-0.0001306063665308388,-0.002133058851054721,-0.0005042675581490104,0.00015387547712819585,0.002039539692283654,0.005608489606040434,0.011595641449648976
2019-03-20,-0.0023705383290315574,-0.0029443226469249018,-0.00916686534492052,0.001008674881390366,-0.004682776252220132,-0.00447232743383974,-0.007398685522526205,-0.0004035281172232175
2019-03-21,0.015304309969553564,0.010852515552911779,3.4580325070125106e-05,0.004713633681424228,0.015108602992484288,0.004746352601447512,0.018897917844559853,0.013332984202319986
2019-03-22,-0.02391161959977557,-0.018974527826038257,0.0025141588243985827,-0.02094858431550224,-0.017663963791211712,-0.013697920961199372,-0.01674487079644427,-0.02822963253351274
2019-03-25,0.0027633203816462464,-0.0008390729493592541,0.0009728118161412584,-0.002057885858249377,-0.003330150651474573,-0.00042001968567395576,0.0009715033589017263,0.010736800044363282
2019-03-26,0.008311649614693772,0.007182778484540853,0.005454727288329803,0.0056139219187746605,0.0043869217085481535,0.005640955786481383,0.009190316800934406,0.005378055031502571
2019-03-27,-0.006490867764990156,-0.004644380264399728,0.008395202321781977,-0.004457038489627657,-0.003993551773045057,-0.007321379655556681,-0.004277714780236974,-0.006040575732003561
2019-03-28,0.0031687207947412865,0.0035895443381801506,0.009931761584891927,0.005775298302504382,0.0032161937982122524,-0.006963165827065465,0.005932333914540511,0.005963608652319152
2019-03-29,0.009723489379725595,0.006734293751598397,-0.0008677856138897659,0.004575618244427209,0.00139229526815976,0.0030303527196513524,-0.001276721252198909,0.012783272730143793
2019-04-01,0.013002465877425335,0.01156858594411525,0.008159091046778984,0.007257418794710577,0.008999531029756591,0.010072853805209505,0.00397240047124381,0.013181982163713135
2019-04-02,0.0012870245782140577,1.7438676892522764e-05,0.0037762433665017993,-0.0004131447113292184,0.00019322987404435388,-0.005619134233625478,-0.006623129005564832,0.0011518363982541135
2019-04-03,0.0025843788066167717,0.0021484075277968806,-0.0033368643079460802,0.0002869161559369726,0.003561651159036616,0.0013046178196129965,0.005193188543537897,0.003251812703367607
2019-04-04,-0.001527098972683179,0.0020846384074615365,-0.0035971947082088663,0.0032651108768024205,0.0012545590766466221,0.010629643093065244,0.008458654432732304,-0.008037017348337283
2019-04-05,0.009023627686238544,0.004636398681665099,0.0015187468256701653,0.009305580103898332,0.006880039148138506,0.006483836787233964,0.009357385605006874,0.006127519892584532
2019-04-08,0.001969812532753449,0.0010474498226595852,0.003760895596878536,0.00021767078784181045,0.0004827646618652537,-0.0003101929491055033,0.00015266485787757134,0.0008406162996810185
2019-04-09,-0.0070623045976309085,-0.0060674708281390766,0.012012423306169957,-0.0116390778311823,-0.005657423143853868,-0.004396178953767316,-0.006536248669999245,-0.0024973908033333325
2019-04-10,0.01095822426747306,0.0034778681120144483,-0.0042214117063596535,0.009632209774045115,0.009807689211379422,0.008366442371286142,0.0029117517582366577,0.005268557743590474
2019-04-11,-0.0082579392686906,3.808587325715429e-05,0.001704816218107496,-0.0015676028407268896,0.003406255496659183,-0.003958569268566747,-0.0006372765155165937,-0.0004963796592171166
2019-04-12,0.002864552612244201,0.006609378462220095,-0.005500903048024084,0.004504449908061238,0.005662834745949974,-0.0011648506455798069,0.004216964067625062,0.007315618349390984
2019-04-15,-3.2120808474145335e-06,-0.0006294261903205811,-0.004331256690145887,-0.004571654265478433,-0.0014219750926581787,-0.0011562929538363464,0.000397904838832952,-0.010492326227703021
2019-04-16,-0.005120193511001864,0.000509364739569973,-0.006944697995208875,0.0028994245895381607,0.002699393557202612,0.00038815954916060486,-0.0008309535029655812,0.0008366994912856196
2019-04-17,-0.002023231533709831,-0.002273774879087531,-0.010301027104302385,-0.00522815593836951,-0.0028967397718483445,-0.00646716650672885,-0.004409485527313017,0.003222156994481029
2019-04-18,-0.0016431795790739319,0.0015790653174507785,-0.0005879163786057691,-0.0012291912496256651,0.0014479147869519426,0.0012218115295732355,0.0005815485947355813,0.0019160720186994773
2019-04-22,-0.006372733957316078,0.001012037741434657,0.0006765626380521518,-0.001935706959538403,-0.0025857241772120343,-0.0073326511418393405,-0.003640215591685925,-0.001087770487441575
